Award ID,Name,PI,comma_loc,Name_fm,Name_l,Name_fml
GRT00018311,"Miller, Sally Ann",1,7,Sally Ann,Miller,sally ann miller
GRT00020374,"Howat, Ian M",1,6,Ian M,Howat,ian m howat
GRT00021036,"Bromwich, David Howard",1,9,David Howard,Bromwich,david howard bromwich
GRT00021131,"Sharp, Jeff S",1,6,Jeff S,Sharp,jeff s sharp
GRT00021220,"Lekies, Kristi S",1,7,Kristi S,Lekies,kristi s lekies
GRT00022353,"Sun, Qinghua",1,4,Qinghua,Sun,qinghua sun
GRT00023016,"Miller, Sally Ann",1,7,Sally Ann,Miller,sally ann miller
GRT00024387,"Bromwich, David Howard",1,9,David Howard,Bromwich,david howard bromwich
GRT00024400,"Lyons, William Berry",1,6,William Berry,Lyons,william berry lyons
GRT00024663,"Grunow, Anne Marie",1,7,Anne Marie,Grunow,anne marie grunow
GRT00024687,"Ludsin, Stuart A",1,7,Stuart A,Ludsin,stuart a ludsin
GRT00025616,"Durand, Michael Thomas",1,7,Michael Thomas,Durand,michael thomas durand
GRT00027890,"Howat, Ian M",1,6,Ian M,Howat,ian m howat
GRT00028001,"Lanno, Roman P.",1,6,Roman P.,Lanno,roman p. lanno
GRT00028266,"Durand, Michael Thomas",1,7,Michael Thomas,Durand,michael thomas durand
GRT00028642,"Durand, Michael Thomas",1,7,Michael Thomas,Durand,michael thomas durand
GRT00029289,"Johnson, Joel Tidmore",1,8,Joel Tidmore,Johnson,joel tidmore johnson
GRT00029760,"Allen, Heather C",1,6,Heather C,Allen,heather c allen
GRT00029894,"Sohngen, Brent Laboiteaux",1,8,Brent Laboiteaux,Sohngen,brent laboiteaux sohngen
GRT00030129,"Mark, Bryan Greenwood",1,5,Bryan Greenwood,Mark,bryan greenwood mark
GRT00030153,"Johnson, Joel Tidmore",1,8,Joel Tidmore,Johnson,joel tidmore johnson
GRT00030181,"Johnson, Joel Tidmore",1,8,Joel Tidmore,Johnson,joel tidmore johnson
GRT00030749,"Durand, Michael Thomas",1,7,Michael Thomas,Durand,michael thomas durand
GRT00030785,"Johnson, Joel Tidmore",1,8,Joel Tidmore,Johnson,joel tidmore johnson
GRT00030984,"Howat, Ian M",1,6,Ian M,Howat,ian m howat
GRT00031381,"Miller, Sally Ann",1,7,Sally Ann,Miller,sally ann miller
GRT00031531,"Lyons, William Berry",1,6,William Berry,Lyons,william berry lyons
GRT00031640,"Lyons, William Berry",1,6,William Berry,Lyons,william berry lyons
GRT00031704,"Johnson, Joel Tidmore",1,8,Joel Tidmore,Johnson,joel tidmore johnson
GRT00031751,"Johnson, Joel Tidmore",1,8,Joel Tidmore,Johnson,joel tidmore johnson
GRT00031780,"Carey, Anne E",1,6,Anne E,Carey,anne e carey
GRT00031785,"Howat, Ian M",1,6,Ian M,Howat,ian m howat
GRT00031872,"Durand, Michael Thomas",1,7,Michael Thomas,Durand,michael thomas durand
GRT00032120,"Howat, Ian M",1,6,Ian M,Howat,ian m howat
GRT00032543,"Gremillion, Kristen Jody",1,11,Kristen Jody,Gremillion,kristen jody gremillion
GRT00032749,"Bromwich, David Howard",1,9,David Howard,Bromwich,david howard bromwich
GRT00032937,"Bohrer, Gil",1,7,Gil,Bohrer,gil bohrer
GRT00033417,"Craigmile, Peter F",1,10,Peter F,Craigmile,peter f craigmile
GRT00033421,"Johnson, Joel Tidmore",1,8,Joel Tidmore,Johnson,joel tidmore johnson
GRT00033460,"Thompson, Lonnie Gene",1,9,Lonnie Gene,Thompson,lonnie gene thompson
GRT00033906,"Sullivan, Mazeika",1,9,Mazeika,Sullivan,mazeika sullivan
GRT00034015,"Lee, Jiyoung",1,4,Jiyoung,Lee,jiyoung lee
GRT00034270,"Miller, Sally Ann",1,7,Sally Ann,Miller,sally ann miller
GRT00034488,"Durand, Michael Thomas",1,7,Michael Thomas,Durand,michael thomas durand
GRT00034490,"Mark, Bryan Greenwood",1,5,Bryan Greenwood,Mark,bryan greenwood mark
GRT00034516,"Darrah, Thomas Henry",1,7,Thomas Henry,Darrah,thomas henry darrah
GRT00034865,"Lee, Ken",1,4,Ken,Lee,ken lee
GRT00034879,"Islam, Khandakar Rafiq",1,6,Khandakar Rafiq,Islam,khandakar rafiq islam
GRT00035198,"Bromwich, David Howard",1,9,David Howard,Bromwich,david howard bromwich
GRT00035357,"Labarge, Gregory Allen",1,8,Gregory Allen,Labarge,gregory allen labarge
GRT00035361,"Labarge, Gregory Allen",1,8,Gregory Allen,Labarge,gregory allen labarge
GRT00035362,"Lee, Jiyoung",1,4,Jiyoung,Lee,jiyoung lee
GRT00035397,"Sohngen, Brent Laboiteaux",1,8,Brent Laboiteaux,Sohngen,brent laboiteaux sohngen
GRT00035438,"Johnson, Joel Tidmore",1,8,Joel Tidmore,Johnson,joel tidmore johnson
GRT00035468,"Lanno, Roman P.",1,6,Roman P.,Lanno,roman p. lanno
GRT00035471,"Mercer, Kristin Lee",1,7,Kristin Lee,Mercer,kristin lee mercer
GRT00035484,"Hoy, Casey William",1,4,Casey William,Hoy,casey william hoy
GRT00035499,"Kleinhenz, Matthew D",1,10,Matthew D,Kleinhenz,matthew d kleinhenz
GRT00035753,"Curtis, Peter Smith",1,7,Peter Smith,Curtis,peter smith curtis
GRT00035932,"Kleinhenz, Matthew D",1,10,Matthew D,Kleinhenz,matthew d kleinhenz
GRT00036052,"Cervenec, Jason M",1,9,Jason M,Cervenec,jason m cervenec
GRT00036054,"Sullivan, Mazeika",1,9,Mazeika,Sullivan,mazeika sullivan
GRT00036320,"Gabrielli, Paolo",1,10,Paolo,Gabrielli,paolo gabrielli
GRT00036435,"Howat, Ian M",1,6,Ian M,Howat,ian m howat
GRT00036520,"Slater, Brian K",1,7,Brian K,Slater,brian k slater
GRT00036562,"Miller, Sally Ann",1,7,Sally Ann,Miller,sally ann miller
GRT00036725,"Gabrielli, Paolo",1,10,Paolo,Gabrielli,paolo gabrielli
GRT00036730,"Grottoli, Andrea G",1,9,Andrea G,Grottoli,andrea g grottoli
GRT00036783,"Labarge, Gregory Allen",1,8,Gregory Allen,Labarge,gregory allen labarge
GRT00037100,"Durand, Michael Thomas",1,7,Michael Thomas,Durand,michael thomas durand
GRT00037149,"Durand, Michael Thomas",1,7,Michael Thomas,Durand,michael thomas durand
GRT00037152,"Nagib, David A",1,6,David A,Nagib,david a nagib
GRT00037233,"Lal, Rattan",1,4,Rattan,Lal,rattan lal
GRT00037322,"Bohrer, Gil",1,7,Gil,Bohrer,gil bohrer
GRT00037363,"McSweeney, Kendra",1,10,Kendra,McSweeney,kendra mcsweeney
GRT00037373,"Thompson, Lonnie Gene",1,9,Lonnie Gene,Thompson,lonnie gene thompson
GRT00037381,"Sawyer, Audrey",1,7,Audrey,Sawyer,audrey sawyer
GRT00037483,"Grottoli, Andrea G",1,9,Andrea G,Grottoli,andrea g grottoli
GRT00037604,"Larsen, Clark Spencer",1,7,Clark Spencer,Larsen,clark spencer larsen
GRT00037619,"Toman, Eric Lee",1,6,Eric Lee,Toman,eric lee toman
GRT00037665,"Polyak, Leonid",1,7,Leonid,Polyak,leonid polyak
GRT00037730,"Bohrer, Gil",1,7,Gil,Bohrer,gil bohrer
GRT00037767,"Sawyer, Derek",1,7,Derek,Sawyer,derek sawyer
GRT00037843,"Johnson, Joel Tidmore",1,8,Joel Tidmore,Johnson,joel tidmore johnson
GRT00037866,"Johnson, Joel Tidmore",1,8,Joel Tidmore,Johnson,joel tidmore johnson
GRT00037877,"Miller, Sally Ann",1,7,Sally Ann,Miller,sally ann miller
GRT00037913,"Johnson, Joel Tidmore",1,8,Joel Tidmore,Johnson,joel tidmore johnson
GRT00037924,"Cervenec, Jason M",1,9,Jason M,Cervenec,jason m cervenec
GRT00037981,"Gabrielli, Paolo",1,10,Paolo,Gabrielli,paolo gabrielli
GRT00038056,"Islam, Khandakar Rafiq",1,6,Khandakar Rafiq,Islam,khandakar rafiq islam
GRT00038078,"Labarge, Gregory Allen",1,8,Gregory Allen,Labarge,gregory allen labarge
GRT00038250,"Sohngen, Brent Laboiteaux",1,8,Brent Laboiteaux,Sohngen,brent laboiteaux sohngen
GRT00038282,"Lanno, Roman P.",1,6,Roman P.,Lanno,roman p. lanno
GRT00038471,"Davies, Gwilym Matthew",1,7,Gwilym Matthew,Davies,gwilym matthew davies
GRT00038503,"Durand, Michael Thomas",1,7,Michael Thomas,Durand,michael thomas durand
GRT00038540,"Weavers, Linda K",1,8,Linda K,Weavers,linda k weavers
GRT00038594,"Ludsin, Stuart A",1,7,Stuart A,Ludsin,stuart a ludsin
GRT00038781,"Bohrer, Gil",1,7,Gil,Bohrer,gil bohrer
GRT00038888,"Sawyer, Derek",1,7,Derek,Sawyer,derek sawyer
GRT00038997,"Labarge, Gregory Allen",1,8,Gregory Allen,Labarge,gregory allen labarge
GRT00039013,"Irwin, Elena",1,6,Elena,Irwin,elena irwin
GRT00039079,"Miller, Sally Ann",1,7,Sally Ann,Miller,sally ann miller
GRT00039112,"Miller, Sally Ann",1,7,Sally Ann,Miller,sally ann miller
GRT00039192,"Wilson, Robyn Suzanne",1,7,Robyn Suzanne,Wilson,robyn suzanne wilson
GRT00039232,"Howat, Ian M",1,6,Ian M,Howat,ian m howat
GRT00039237,"Lyons, William Berry",1,6,William Berry,Lyons,william berry lyons
GRT00039255,"Ludsin, Stuart A",1,7,Stuart A,Ludsin,stuart a ludsin
GRT00039278,"Howat, Ian M",1,6,Ian M,Howat,ian m howat
GRT00039337,"Sohngen, Brent Laboiteaux",1,8,Brent Laboiteaux,Sohngen,brent laboiteaux sohngen
GRT00039346,"Hoy, Casey William",1,4,Casey William,Hoy,casey william hoy
GRT00039387,"Larsen, Clark Spencer",1,7,Clark Spencer,Larsen,clark spencer larsen
GRT00039397,"Labarge, Gregory Allen",1,8,Gregory Allen,Labarge,gregory allen labarge
GRT00039433,"Matthews, Stephen Nicholas",1,9,Stephen Nicholas,Matthews,stephen nicholas matthews
GRT00039458,"Larsen, Clark Spencer",1,7,Clark Spencer,Larsen,clark spencer larsen
GRT00039459,"Durand, Michael Thomas",1,7,Michael Thomas,Durand,michael thomas durand
GRT00039472,"Hoy, Casey William",1,4,Casey William,Hoy,casey william hoy
GRT00039487,"Durand, Michael Thomas",1,7,Michael Thomas,Durand,michael thomas durand
GRT00039576,"Lee, Jiyoung",1,4,Jiyoung,Lee,jiyoung lee
GRT00039612,"Weavers, Linda K",1,8,Linda K,Weavers,linda k weavers
GRT00039653,"Munroe, Darla Karin",1,7,Darla Karin,Munroe,darla karin munroe
GRT00039714,"Ludsin, Stuart A",1,7,Stuart A,Ludsin,stuart a ludsin
GRT00039753,"Sullivan, Mazeika",1,9,Mazeika,Sullivan,mazeika sullivan
GRT00039933,"McSweeney, Kendra",1,10,Kendra,McSweeney,kendra mcsweeney
GRT00040093,"Sullivan, Matthew",1,9,Matthew,Sullivan,matthew sullivan
GRT00040152,"Sullivan, Matthew",1,9,Matthew,Sullivan,matthew sullivan
GRT00040313,"Lanno, Roman P.",1,6,Roman P.,Lanno,roman p. lanno
GRT00040314,"Ludsin, Stuart A",1,7,Stuart A,Ludsin,stuart a ludsin
GRT00040354,"Lanno, Roman P.",1,6,Roman P.,Lanno,roman p. lanno
GRT00040364,"Howat, Ian M",1,6,Ian M,Howat,ian m howat
GRT00040367,"Ludsin, Stuart A",1,7,Stuart A,Ludsin,stuart a ludsin
GRT00040510,"Howat, Ian M",1,6,Ian M,Howat,ian m howat
GRT00040601,"Sullivan, Mazeika",1,9,Mazeika,Sullivan,mazeika sullivan
GRT00040613,"Matthews, Stephen Nicholas",1,9,Stephen Nicholas,Matthews,stephen nicholas matthews
GRT00040674,"Miller, Sally Ann",1,7,Sally Ann,Miller,sally ann miller
GRT00040676,"Miller, Sally Ann",1,7,Sally Ann,Miller,sally ann miller
GRT00040685,"Kleinhenz, Matthew D",1,10,Matthew D,Kleinhenz,matthew d kleinhenz
GRT00040686,"Martin, Jay Franklin",1,7,Jay Franklin,Martin,jay franklin martin
GRT00040701,"Miller, Sally Ann",1,7,Sally Ann,Miller,sally ann miller
GRT00040787,"Bohrer, Gil",1,7,Gil,Bohrer,gil bohrer
GRT00040847,"Nagib, David A",1,6,David A,Nagib,david a nagib
GRT00040951,"Sohngen, Brent Laboiteaux",1,8,Brent Laboiteaux,Sohngen,brent laboiteaux sohngen
GRT00041031,"Sullivan, Matthew",1,9,Matthew,Sullivan,matthew sullivan
GRT00041115,"McCorriston, Joy",1,12,Joy,McCorriston,joy mccorriston
GRT00041131,"Sullivan, Mazeika",1,9,Mazeika,Sullivan,mazeika sullivan
GRT00041165,"Bohrer, Gil",1,7,Gil,Bohrer,gil bohrer
GRT00041213,"Root, Elisabeth D",1,5,Elisabeth D,Root,elisabeth d root
GRT00041228,"Adetona, Olorunfemi T",1,8,Olorunfemi T,Adetona,olorunfemi t adetona
GRT00041315,"Thompson, Lonnie Gene",1,9,Lonnie Gene,Thompson,lonnie gene thompson
GRT00041345,"Cervenec, Jason M",1,9,Jason M,Cervenec,jason m cervenec
GRT00041367,"Allen, Heather C",1,6,Heather C,Allen,heather c allen
GRT00041519,"Johnson, Joel Tidmore",1,8,Joel Tidmore,Johnson,joel tidmore johnson
GRT00041634,"Sullivan, Matthew",1,9,Matthew,Sullivan,matthew sullivan
GRT00041641,"McCorriston, Joy",1,12,Joy,McCorriston,joy mccorriston
GRT00041651,"Labarge, Gregory Allen",1,8,Gregory Allen,Labarge,gregory allen labarge
GRT00041652,"Labarge, Gregory Allen",1,8,Gregory Allen,Labarge,gregory allen labarge
GRT00041724,"Root, Elisabeth D",1,5,Elisabeth D,Root,elisabeth d root
GRT00041915,"Adetona, Olorunfemi T",1,8,Olorunfemi T,Adetona,olorunfemi t adetona
GRT00042055,"Polyak, Leonid",1,7,Leonid,Polyak,leonid polyak
GRT00042194,"Martin, Jay Franklin",1,7,Jay Franklin,Martin,jay franklin martin
GRT00042208,"Lal, Rattan",1,4,Rattan,Lal,rattan lal
GRT00042289,"Sawyer, Audrey",1,7,Audrey,Sawyer,audrey sawyer
GRT00042342,"Labarge, Gregory Allen",1,8,Gregory Allen,Labarge,gregory allen labarge
GRT00042416,"Ludsin, Stuart A",1,7,Stuart A,Ludsin,stuart a ludsin
GRT00042421,"Johnson, Joel Tidmore",1,8,Joel Tidmore,Johnson,joel tidmore johnson
GRT00042519,"Chen, Joyce J",1,5,Joyce J,Chen,joyce j chen
GRT00042590,"Lal, Rattan",1,4,Rattan,Lal,rattan lal
GRT00042639,"Ludsin, Stuart A",1,7,Stuart A,Ludsin,stuart a ludsin
GRT00042684,"Root, Elisabeth D",1,5,Elisabeth D,Root,elisabeth d root
GRT00042730,"Miller, Sally Ann",1,7,Sally Ann,Miller,sally ann miller
GRT00042790,"Gremillion, Kristen Jody",1,11,Kristen Jody,Gremillion,kristen jody gremillion
GRT00042930,"Allen, Heather C",1,6,Heather C,Allen,heather c allen
GRT00042979,"Ludsin, Stuart A",1,7,Stuart A,Ludsin,stuart a ludsin
GRT00042993,"Wilson, Robyn Suzanne",1,7,Robyn Suzanne,Wilson,robyn suzanne wilson
GRT00043022,"Miller, Sally Ann",1,7,Sally Ann,Miller,sally ann miller
GRT00043023,"Miller, Sally Ann",1,7,Sally Ann,Miller,sally ann miller
GRT00043037,"Peterman, William E",1,9,William E,Peterman,william e peterman
GRT00043170,"Grottoli, Andrea G",1,9,Andrea G,Grottoli,andrea g grottoli
GRT00043172,"Darrah, Thomas Henry",1,7,Thomas Henry,Darrah,thomas henry darrah
GRT00043313,"Ludsin, Stuart A",1,7,Stuart A,Ludsin,stuart a ludsin
GRT00043321,"Martin, Jay Franklin",1,7,Jay Franklin,Martin,jay franklin martin
GRT00043352,"Bromwich, David Howard",1,9,David Howard,Bromwich,david howard bromwich
GRT00043427,"Root, Elisabeth D",1,5,Elisabeth D,Root,elisabeth d root
GRT00043452,"Davies, Gwilym Matthew",1,7,Gwilym Matthew,Davies,gwilym matthew davies
GRT00043495,"Kleinhenz, Matthew D",1,10,Matthew D,Kleinhenz,matthew d kleinhenz
GRT00043528,"Toman, Eric Lee",1,6,Eric Lee,Toman,eric lee toman
GRT00043581,"Kleinhenz, Matthew D",1,10,Matthew D,Kleinhenz,matthew d kleinhenz
GRT00043659,"Winston, Ryan J",1,8,Ryan J,Winston,ryan j winston
GRT00043739,"Mercer, Kristin Lee",1,7,Kristin Lee,Mercer,kristin lee mercer
GRT00043752,"Weavers, Linda K",1,8,Linda K,Weavers,linda k weavers
GRT00043778,"Grunow, Anne Marie",1,7,Anne Marie,Grunow,anne marie grunow
GRT00043808,"Labarge, Gregory Allen",1,8,Gregory Allen,Labarge,gregory allen labarge
GRT00043809,"Labarge, Gregory Allen",1,8,Gregory Allen,Labarge,gregory allen labarge
GRT00043947,"Rich, Virginia",1,5,Virginia,Rich,virginia rich
GRT00044019,"Miller, Sally Ann",1,7,Sally Ann,Miller,sally ann miller
GRT00044129,"Cervenec, Jason M",1,9,Jason M,Cervenec,jason m cervenec
GRT00044239,"Parker, Anthony Joseph",1,7,Anthony Joseph,Parker,anthony joseph parker
GRT00044287,"Durand, Michael Thomas",1,7,Michael Thomas,Durand,michael thomas durand
GRT00044341,"Kleinhenz, Matthew D",1,10,Matthew D,Kleinhenz,matthew d kleinhenz
GRT00044368,"Sullivan, Matthew",1,9,Matthew,Sullivan,matthew sullivan
GRT00044462,"Islam, Khandakar Rafiq",1,6,Khandakar Rafiq,Islam,khandakar rafiq islam
GRT00044491,"Roe, Brian Eric",1,4,Brian Eric,Roe,brian eric roe
GRT00044492,"Sohngen, Brent Laboiteaux",1,8,Brent Laboiteaux,Sohngen,brent laboiteaux sohngen
GRT00044520,"Johnson, Joel Tidmore",1,8,Joel Tidmore,Johnson,joel tidmore johnson
GRT00044618,"McSweeney, Kendra",1,10,Kendra,McSweeney,kendra mcsweeney
GRT00044637,"Gray, Suzanne Marie",1,5,Suzanne Marie,Gray,suzanne marie gray
GRT00044642,"Quiring, Steven M",1,8,Steven M,Quiring,steven m quiring
GRT00044643,"Quiring, Steven M",1,8,Steven M,Quiring,steven m quiring
GRT00044644,"Quiring, Steven M",1,8,Steven M,Quiring,steven m quiring
GRT00044660,"Nagib, David A",1,6,David A,Nagib,david a nagib
GRT00044874,"Quiring, Steven M",1,8,Steven M,Quiring,steven m quiring
GRT00044927,"Hoy, Casey William",1,4,Casey William,Hoy,casey william hoy
GRT00044997,"Roe, Brian Eric",1,4,Brian Eric,Roe,brian eric roe
GRT00045038,"Durand, Michael Thomas",1,7,Michael Thomas,Durand,michael thomas durand
GRT00045088,"Mark, Bryan Greenwood",1,5,Bryan Greenwood,Mark,bryan greenwood mark
GRT00045134,"Quiring, Steven M",1,8,Steven M,Quiring,steven m quiring
GRT00045198,"Johnson, Joel Tidmore",1,8,Joel Tidmore,Johnson,joel tidmore johnson
GRT00045476,"Lyons, William Berry",1,6,William Berry,Lyons,william berry lyons
GRT00045482,"Islam, Khandakar Rafiq",1,6,Khandakar Rafiq,Islam,khandakar rafiq islam
GRT00045588,"Rich, Virginia",1,5,Virginia,Rich,virginia rich
GRT00045595,"Sullivan, Matthew",1,9,Matthew,Sullivan,matthew sullivan
GRT00045721,"Quiring, Steven M",1,8,Steven M,Quiring,steven m quiring
GRT00045751,"Quiring, Steven M",1,8,Steven M,Quiring,steven m quiring
GRT00045792,"Cervenec, Jason M",1,9,Jason M,Cervenec,jason m cervenec
GRT00045795,"Bromwich, David Howard",1,9,David Howard,Bromwich,david howard bromwich
GRT00045825,"Lanno, Roman P.",1,6,Roman P.,Lanno,roman p. lanno
GRT00045827,"Roe, Brian Eric",1,4,Brian Eric,Roe,brian eric roe
GRT00045927,"Hoy, Casey William",1,4,Casey William,Hoy,casey william hoy
GRT00045945,"Rich, Virginia",1,5,Virginia,Rich,virginia rich
GRT00045985,"Grottoli, Andrea G",1,9,Andrea G,Grottoli,andrea g grottoli
GRT00046049,"Peterman, William E",1,9,William E,Peterman,william e peterman
GRT00046072,"Grottoli, Andrea G",1,9,Andrea G,Grottoli,andrea g grottoli
GRT00046163,"Kalcic, Margaret M",1,7,Margaret M,Kalcic,margaret m kalcic
GRT00046210,"Weir, Mark H",1,5,Mark H,Weir,mark h weir
GRT00046217,"Kleinhenz, Matthew D",1,10,Matthew D,Kleinhenz,matthew d kleinhenz
GRT00046219,"Winston, Ryan J",1,8,Ryan J,Winston,ryan j winston
GRT00046380,"Liu, Desheng",1,4,Desheng,Liu,desheng liu
GRT00046437,"Lanno, Roman P.",1,6,Roman P.,Lanno,roman p. lanno
GRT00046451,"Ibaraki, Motomu",1,8,Motomu,Ibaraki,motomu ibaraki
GRT00046490,"Winston, Ryan J",1,8,Ryan J,Winston,ryan j winston
GRT00046492,"Sullivan, Mazeika",1,9,Mazeika,Sullivan,mazeika sullivan
GRT00046553,"Kalcic, Margaret M",1,7,Margaret M,Kalcic,margaret m kalcic
GRT00046637,"Grottoli, Andrea G",1,9,Andrea G,Grottoli,andrea g grottoli
GRT00046858,"Polyak, Leonid",1,7,Leonid,Polyak,leonid polyak
GRT00046868,"Johnson, Joel Tidmore",1,8,Joel Tidmore,Johnson,joel tidmore johnson
GRT00046869,"Johnson, Joel Tidmore",1,8,Joel Tidmore,Johnson,joel tidmore johnson
GRT00046901,"Ludsin, Stuart A",1,7,Stuart A,Ludsin,stuart a ludsin
GRT00047054,"Shum, Che-Kwan",1,5,Che-Kwan,Shum,che-kwan shum
GRT00047218,"Wilson, Robyn Suzanne",1,7,Robyn Suzanne,Wilson,robyn suzanne wilson
GRT00047270,"Hyder, Ayaz",1,6,Ayaz,Hyder,ayaz hyder
GRT00047345,"Grottoli, Andrea G",1,9,Andrea G,Grottoli,andrea g grottoli
GRT00047361,"Curtis, Peter Smith",1,7,Peter Smith,Curtis,peter smith curtis
GRT00047361,"Matthews, Stephen Nicholas",1,9,Stephen Nicholas,Matthews,stephen nicholas matthews
GRT00047362,"Bohrer, Gil",1,7,Gil,Bohrer,gil bohrer
GRT00047408,"Liu, Desheng",1,4,Desheng,Liu,desheng liu
GRT00047425,"Sohngen, Brent Laboiteaux",1,8,Brent Laboiteaux,Sohngen,brent laboiteaux sohngen
GRT00047484,"Kalcic, Margaret M",1,7,Margaret M,Kalcic,margaret m kalcic
GRT00047518,"Irwin, Elena",1,6,Elena,Irwin,elena irwin
GRT00047567,"Johnson, Joel Tidmore",1,8,Joel Tidmore,Johnson,joel tidmore johnson
GRT00047573,"Miller, Sally Ann",1,7,Sally Ann,Miller,sally ann miller
GRT00047623,"Miller, Sally Ann",1,7,Sally Ann,Miller,sally ann miller
GRT00047645,"Hood, Darryl Brice",1,5,Darryl Brice,Hood,darryl brice hood
GRT00047678,"Sohngen, Brent Laboiteaux",1,8,Brent Laboiteaux,Sohngen,brent laboiteaux sohngen
GRT00047758,"Bohrerova, Zuzana",1,10,Zuzana,Bohrerova,zuzana bohrerova
GRT00047759,"Bohrer, Gil",1,7,Gil,Bohrer,gil bohrer
GRT00047787,"Darrah, Thomas Henry",1,7,Thomas Henry,Darrah,thomas henry darrah
GRT00047792,"Shum, Che-Kwan",1,5,Che-Kwan,Shum,che-kwan shum
GRT00047937,"Mercer, Kristin Lee",1,7,Kristin Lee,Mercer,kristin lee mercer
GRT00047958,"Miller, Sally Ann",1,7,Sally Ann,Miller,sally ann miller
GRT00047978,"Kalcic, Margaret M",1,7,Margaret M,Kalcic,margaret m kalcic
GRT00047985,"Weir, Mark H",1,5,Mark H,Weir,mark h weir
GRT00048034,"Martin, Jay Franklin",1,7,Jay Franklin,Martin,jay franklin martin
GRT00048129,"Howat, Ian M",1,6,Ian M,Howat,ian m howat
GRT00048137,"Howat, Ian M",1,6,Ian M,Howat,ian m howat
GRT00048139,"Thompson, Ellen Mosley",1,9,Ellen Mosley,Thompson,ellen mosley thompson
GRT00048142,"Gabrielli, Paolo",1,10,Paolo,Gabrielli,paolo gabrielli
GRT00048161,"Matthews, Stephen Nicholas",1,9,Stephen Nicholas,Matthews,stephen nicholas matthews
GRT00048167,"Durand, Michael Thomas",1,7,Michael Thomas,Durand,michael thomas durand
GRT00048180,"Bromwich, David Howard",1,9,David Howard,Bromwich,david howard bromwich
GRT00048202,"Alsdorf, Douglas E.",1,8,Douglas E.,Alsdorf,douglas e. alsdorf
GRT00048208,"Sullivan, Mazeika",1,9,Mazeika,Sullivan,mazeika sullivan
GRT00048212,"Sintov, Nicole D",1,7,Nicole D,Sintov,nicole d sintov
GRT00048345,"Wilson, Robyn Suzanne",1,7,Robyn Suzanne,Wilson,robyn suzanne wilson
GRT00048423,"Sawyer, Audrey",1,7,Audrey,Sawyer,audrey sawyer
GRT00048434,"Cai, Yongyang",1,4,Yongyang,Cai,yongyang cai
GRT00048435,"Cai, Yongyang",1,4,Yongyang,Cai,yongyang cai
GRT00048488,"Winston, Ryan J",1,8,Ryan J,Winston,ryan j winston
GRT00048841,"Bohrer, Gil",1,7,Gil,Bohrer,gil bohrer
GRT00048849,"Roe, Brian Eric",1,4,Brian Eric,Roe,brian eric roe
GRT00048850,"Gopalakrishnan, Sathya",1,15,Sathya,Gopalakrishnan,sathya gopalakrishnan
GRT00048864,"Sawyer, Derek",1,7,Derek,Sawyer,derek sawyer
GRT00048887,"Liu, Zhengyu",1,4,Zhengyu,Liu,zhengyu liu
GRT00048888,"Liu, Zhengyu",1,4,Zhengyu,Liu,zhengyu liu
GRT00048900,"Toman, Eric Lee",1,6,Eric Lee,Toman,eric lee toman
GRT00049222,"Sullivan, Matthew",1,9,Matthew,Sullivan,matthew sullivan
GRT00049276,"Hood, James",1,5,James,Hood,james hood
GRT00049346,"Johnson, Joel Tidmore",1,8,Joel Tidmore,Johnson,joel tidmore johnson
GRT00049376,"Nagib, David A",1,6,David A,Nagib,david a nagib
GRT00049377,"Allen, Heather C",1,6,Heather C,Allen,heather c allen
GRT00049412,"Darrah, Thomas Henry",1,7,Thomas Henry,Darrah,thomas henry darrah
GRT00049468,"Liu, Zhengyu",1,4,Zhengyu,Liu,zhengyu liu
GRT00049473,"Bohrer, Gil",1,7,Gil,Bohrer,gil bohrer
GRT00049555,"Sullivan, Matthew",1,9,Matthew,Sullivan,matthew sullivan
GRT00049559,"Sullivan, Matthew",1,9,Matthew,Sullivan,matthew sullivan
GRT00049563,"Miller, Sally Ann",1,7,Sally Ann,Miller,sally ann miller
GRT00049588,"Lal, Rattan",1,4,Rattan,Lal,rattan lal
GRT00049611,"Shum, Che-Kwan",1,5,Che-Kwan,Shum,che-kwan shum
GRT00049698,"Howat, Ian M",1,6,Ian M,Howat,ian m howat
GRT00049718,"Thompson, Lonnie Gene",1,9,Lonnie Gene,Thompson,lonnie gene thompson
GRT00049753,"Durand, Michael Thomas",1,7,Michael Thomas,Durand,michael thomas durand
GRT00049759,"Bromwich, David Howard",1,9,David Howard,Bromwich,david howard bromwich
GRT00049774,"Alsdorf, Douglas E.",1,8,Douglas E.,Alsdorf,douglas e. alsdorf
GRT00049776,"Bruskotter, Jeremy Tyler",1,11,Jeremy Tyler,Bruskotter,jeremy tyler bruskotter
GRT00049839,"Liu, Zhengyu",1,4,Zhengyu,Liu,zhengyu liu
GRT00049849,"Sawyer, Audrey",1,7,Audrey,Sawyer,audrey sawyer
GRT00049881,"Downey, Sean S",1,7,Sean S,Downey,sean s downey
GRT00049968,"Gopalakrishnan, Sathya",1,15,Sathya,Gopalakrishnan,sathya gopalakrishnan
GRT00050088,"Johnson, Joel Tidmore",1,8,Joel Tidmore,Johnson,joel tidmore johnson
GRT00050189,"Kleinhenz, Matthew D",1,10,Matthew D,Kleinhenz,matthew d kleinhenz
GRT00050190,"Chen, Joyce J",1,5,Joyce J,Chen,joyce j chen
GRT00050292,"Lanno, Roman P.",1,6,Roman P.,Lanno,roman p. lanno
GRT00050567,"Miller, Sally Ann",1,7,Sally Ann,Miller,sally ann miller
GRT00050568,"Miller, Sally Ann",1,7,Sally Ann,Miller,sally ann miller
GRT00050867,"Sohngen, Brent Laboiteaux",1,8,Brent Laboiteaux,Sohngen,brent laboiteaux sohngen
GRT00050960,"Lanno, Roman P.",1,6,Roman P.,Lanno,roman p. lanno
GRT00051052,"Winston, Ryan J",1,8,Ryan J,Winston,ryan j winston
GRT00051053,"Islam, Khandakar Rafiq",1,6,Khandakar Rafiq,Islam,khandakar rafiq islam
GRT00051055,"Sawyer, Derek",1,7,Derek,Sawyer,derek sawyer
GRT00051070,"Ludsin, Stuart A",1,7,Stuart A,Ludsin,stuart a ludsin
GRT00051201,"Bohrer, Gil",1,7,Gil,Bohrer,gil bohrer
GRT00051221,"Quiring, Steven M",1,8,Steven M,Quiring,steven m quiring
GRT00051340,"Matthews, Stephen Nicholas",1,9,Stephen Nicholas,Matthews,stephen nicholas matthews
GRT00051384,"Labarge, Gregory Allen",1,8,Gregory Allen,Labarge,gregory allen labarge
GRT00051409,"Hyder, Ayaz",1,6,Ayaz,Hyder,ayaz hyder
GRT00051416,"Grottoli, Andrea G",1,9,Andrea G,Grottoli,andrea g grottoli
GRT00051496,"Martin, Jay Franklin",1,7,Jay Franklin,Martin,jay franklin martin
GRT00051523,"Sundermeier, Alan P",1,12,Alan P,Sundermeier,alan p sundermeier
GRT00051530,"Johnson, Joel Tidmore",1,8,Joel Tidmore,Johnson,joel tidmore johnson
GRT00051643,"Sullivan, Matthew",1,9,Matthew,Sullivan,matthew sullivan
GRT00051689,"Quiring, Steven M",1,8,Steven M,Quiring,steven m quiring
GRT00051693,"Bromwich, David Howard",1,9,David Howard,Bromwich,david howard bromwich
GRT00051737,"Kalcic, Margaret M",1,7,Margaret M,Kalcic,margaret m kalcic
GRT00051753,"Liu, Zhengyu",1,4,Zhengyu,Liu,zhengyu liu
GRT00051756,"Ludsin, Stuart A",1,7,Stuart A,Ludsin,stuart a ludsin
GRT00051794,"Weavers, Linda K",1,8,Linda K,Weavers,linda k weavers
GRT00051818,"Kalcic, Margaret M",1,7,Margaret M,Kalcic,margaret m kalcic
GRT00051854,"Grottoli, Andrea G",1,9,Andrea G,Grottoli,andrea g grottoli
GRT00051873,"Kalcic, Margaret M",1,7,Margaret M,Kalcic,margaret m kalcic
GRT00051877,"Lyons, William Berry",1,6,William Berry,Lyons,william berry lyons
GRT00051948,"Toman, Eric Lee",1,6,Eric Lee,Toman,eric lee toman
GRT00051978,"Miller, Sally Ann",1,7,Sally Ann,Miller,sally ann miller
GRT00051991,"Miller, Sally Ann",1,7,Sally Ann,Miller,sally ann miller
GRT00052074,"Grottoli, Andrea G",1,9,Andrea G,Grottoli,andrea g grottoli
GRT00052089,"Martin, Jay Franklin",1,7,Jay Franklin,Martin,jay franklin martin
GRT00052119,"Peterman, William E",1,9,William E,Peterman,william e peterman
GRT00052122,"Sullivan, Mazeika",1,9,Mazeika,Sullivan,mazeika sullivan
GRT00052130,"Sullivan, Matthew",1,9,Matthew,Sullivan,matthew sullivan
GRT00052233,"Sullivan, Mazeika",1,9,Mazeika,Sullivan,mazeika sullivan
GRT00052247,"Weir, Mark H",1,5,Mark H,Weir,mark h weir
GRT00052263,"Winston, Ryan J",1,8,Ryan J,Winston,ryan j winston
GRT00052323,"Johnson, Joel Tidmore",1,8,Joel Tidmore,Johnson,joel tidmore johnson
GRT00052577,"Shum, Che-Kwan",1,5,Che-Kwan,Shum,che-kwan shum
GRT00052600,"Johnson, Joel Tidmore",1,8,Joel Tidmore,Johnson,joel tidmore johnson
GRT00052690,"Durand, Michael Thomas",1,7,Michael Thomas,Durand,michael thomas durand
GRT00052701,"Sohngen, Brent Laboiteaux",1,8,Brent Laboiteaux,Sohngen,brent laboiteaux sohngen
GRT00052768,"McCorriston, Joy",1,12,Joy,McCorriston,joy mccorriston
GRT00052773,"Howat, Ian M",1,6,Ian M,Howat,ian m howat
GRT00052869,"Roe, Brian Eric",1,4,Brian Eric,Roe,brian eric roe
GRT00052918,"Stagge, James H",1,7,James H,Stagge,james h stagge
GRT00053000,"Durand, Michael Thomas",1,7,Michael Thomas,Durand,michael thomas durand
GRT00053028,"Grottoli, Andrea G",1,9,Andrea G,Grottoli,andrea g grottoli
GRT00053418,"Kalcic, Margaret M",1,7,Margaret M,Kalcic,margaret m kalcic
GRT00053654,"Cervenec, Jason M",1,9,Jason M,Cervenec,jason m cervenec
GRT00053789,"Sintov, Nicole D",1,7,Nicole D,Sintov,nicole d sintov
GRT00053810,"Johnson, Joel Tidmore",1,8,Joel Tidmore,Johnson,joel tidmore johnson
GRT00054066,"Hyder, Ayaz",1,6,Ayaz,Hyder,ayaz hyder
GRT00054080,"Lanno, Roman P.",1,6,Roman P.,Lanno,roman p. lanno
GRT00054309,"Shum, Che-Kwan",1,5,Che-Kwan,Shum,che-kwan shum
GRT00054310,"Shum, Che-Kwan",1,5,Che-Kwan,Shum,che-kwan shum
GRT00054354,"Peterman, William E",1,9,William E,Peterman,william e peterman
GRT00054540,"Quiring, Steven M",1,8,Steven M,Quiring,steven m quiring
GRT00054570,"Bohrer, Gil",1,7,Gil,Bohrer,gil bohrer
GRT00054578,"Ludsin, Stuart A",1,7,Stuart A,Ludsin,stuart a ludsin
GRT00054580,"Lanno, Roman P.",1,6,Roman P.,Lanno,roman p. lanno
GRT00054596,"Johnson, Joel Tidmore",1,8,Joel Tidmore,Johnson,joel tidmore johnson
GRT00054663,"Sintov, Nicole D",1,7,Nicole D,Sintov,nicole d sintov
GRT00054776,"Islam, Khandakar Rafiq",1,6,Khandakar Rafiq,Islam,khandakar rafiq islam
GRT00054797,"Jarzyna, Marta A",1,8,Marta A,Jarzyna,marta a jarzyna
GRT00054822,"Burris, Lisa E",1,7,Lisa E,Burris,lisa e burris
GRT00054850,"Hood, James",1,5,James,Hood,james hood
GRT00054946,"Durand, Michael Thomas",1,7,Michael Thomas,Durand,michael thomas durand
GRT00054955,"Martin, Jay Franklin",1,7,Jay Franklin,Martin,jay franklin martin
GRT00054958,"Burris, Lisa E",1,7,Lisa E,Burris,lisa e burris
GRT00054962,"Winston, Ryan J",1,8,Ryan J,Winston,ryan j winston
GRT00055002,"McSweeney, Kendra",1,10,Kendra,McSweeney,kendra mcsweeney
GRT00055087,"Cervenec, Jason M",1,9,Jason M,Cervenec,jason m cervenec
GRT00055139,"Drewry, Darren T",1,7,Darren T,Drewry,darren t drewry
GRT00055159,"Labarge, Gregory Allen",1,8,Gregory Allen,Labarge,gregory allen labarge
GRT00055303,"Lee, Jiyoung",1,4,Jiyoung,Lee,jiyoung lee
GRT00055332,"Lal, Rattan",1,4,Rattan,Lal,rattan lal
GRT00055437,"Wilson, Robyn Suzanne",1,7,Robyn Suzanne,Wilson,robyn suzanne wilson
GRT00055511,"Adetona, Olorunfemi T",1,8,Olorunfemi T,Adetona,olorunfemi t adetona
GRT00055842,"Kawa, Nicholas C",1,5,Nicholas C,Kawa,nicholas c kawa
GRT00056010,"Kleinhenz, Matthew D",1,10,Matthew D,Kleinhenz,matthew d kleinhenz
GRT00056129,"Weavers, Linda K",1,8,Linda K,Weavers,linda k weavers
GRT00056278,"Shum, Che-Kwan",1,5,Che-Kwan,Shum,che-kwan shum
GRT00056279,"Shum, Che-Kwan",1,5,Che-Kwan,Shum,che-kwan shum
GRT00056304,"Matthews, Stephen Nicholas",1,9,Stephen Nicholas,Matthews,stephen nicholas matthews
GRT00056313,"Slater, Brian K",1,7,Brian K,Slater,brian k slater
GRT00056321,"Shum, Che-Kwan",1,5,Che-Kwan,Shum,che-kwan shum
GRT00056326,"Sullivan, Matthew",1,9,Matthew,Sullivan,matthew sullivan
GRT00056366,"Ludsin, Stuart A",1,7,Stuart A,Ludsin,stuart a ludsin
GRT00056374,"Matthews, Stephen Nicholas",1,9,Stephen Nicholas,Matthews,stephen nicholas matthews
GRT00056603,"Quiring, Steven M",1,8,Steven M,Quiring,steven m quiring
GRT00056607,"Kalcic, Margaret M",1,7,Margaret M,Kalcic,margaret m kalcic
GRT00056620,"Roe, Brian Eric",1,4,Brian Eric,Roe,brian eric roe
GRT00056640,"Wilson, Robyn Suzanne",1,7,Robyn Suzanne,Wilson,robyn suzanne wilson
GRT00056659,"Winston, Ryan J",1,8,Ryan J,Winston,ryan j winston
GRT00056672,"Peterman, William E",1,9,William E,Peterman,william e peterman
GRT00056685,"Lal, Rattan",1,4,Rattan,Lal,rattan lal
GRT00056803,"Johnson, Joel Tidmore",1,8,Joel Tidmore,Johnson,joel tidmore johnson
GRT00056806,"Liu, Desheng",1,4,Desheng,Liu,desheng liu
GRT00056846,"Demyan, Michael Scott",1,7,Michael Scott,Demyan,michael scott demyan
GRT00056944,"Miller, Sally Ann",1,7,Sally Ann,Miller,sally ann miller
GRT00056960,"Shum, Che-Kwan",1,5,Che-Kwan,Shum,che-kwan shum
GRT00056970,"Wilson, Robyn Suzanne",1,7,Robyn Suzanne,Wilson,robyn suzanne wilson
GRT00057013,"Hyder, Ayaz",1,6,Ayaz,Hyder,ayaz hyder
GRT00057300,"Sawyer, Derek",1,7,Derek,Sawyer,derek sawyer
GRT00057341,"Sullivan, Matthew",1,9,Matthew,Sullivan,matthew sullivan
GRT00057831,"Kalcic, Margaret M",1,7,Margaret M,Kalcic,margaret m kalcic
GRT00057926,"Matthews, Stephen Nicholas",1,9,Stephen Nicholas,Matthews,stephen nicholas matthews
GRT00058053,"Miller, Sally Ann",1,7,Sally Ann,Miller,sally ann miller
GRT00058113,"Grottoli, Andrea G",1,9,Andrea G,Grottoli,andrea g grottoli
GRT00058212,"Shum, Che-Kwan",1,5,Che-Kwan,Shum,che-kwan shum
GRT00058246,"Quiring, Steven M",1,8,Steven M,Quiring,steven m quiring
GRT00058251,"Kalcic, Margaret M",1,7,Margaret M,Kalcic,margaret m kalcic
GRT00058314,"Lal, Rattan",1,4,Rattan,Lal,rattan lal
GRT00058520,"Miteva, Daniela Asenova",1,7,Daniela Asenova,Miteva,daniela asenova miteva
GRT00058540,"Quiring, Steven M",1,8,Steven M,Quiring,steven m quiring
GRT00058666,"Wilson, Robyn Suzanne",1,7,Robyn Suzanne,Wilson,robyn suzanne wilson
GRT00058708,"Chen, Joyce J",1,5,Joyce J,Chen,joyce j chen
GRT00058881,"Kalcic, Margaret M",1,7,Margaret M,Kalcic,margaret m kalcic
GRT00059069,"Berger-Wolf, Tanya Yonit",1,12,Tanya Yonit,Berger-Wolf,tanya yonit berger-wolf
GRT00059100,"Stagge, James H",1,7,James H,Stagge,james h stagge
GRT00059173,"Ludsin, Stuart A",1,7,Stuart A,Ludsin,stuart a ludsin
GRT00059186,"Ludsin, Stuart A",1,7,Stuart A,Ludsin,stuart a ludsin
GRT00059260,"Bohrer, Gil",1,7,Gil,Bohrer,gil bohrer
GRT00059363,"Johnson, Joel Tidmore",1,8,Joel Tidmore,Johnson,joel tidmore johnson
GRT00059572,"Nagib, David A",1,6,David A,Nagib,david a nagib
GRT00059832,"Kalcic, Margaret M",1,7,Margaret M,Kalcic,margaret m kalcic
GRT00060030,"Kalcic, Margaret M",1,7,Margaret M,Kalcic,margaret m kalcic
GRT00060083,"Mark, Bryan Greenwood",1,5,Bryan Greenwood,Mark,bryan greenwood mark
GRT00060251,"Root, Elisabeth D",1,5,Elisabeth D,Root,elisabeth d root
GRT00060358,"Khanal, Sami",1,7,Sami,Khanal,sami khanal
GRT00060424,"Bohrerova, Zuzana",1,10,Zuzana,Bohrerova,zuzana bohrerova
GRT962185,"Allen, Heather C",1,6,Heather C,Allen,heather c allen
GRT00020374,"Shum, C K",0,5,C K,Shum,c k shum
GRT00021220,"Dick, Warren Albert",0,5,Warren Albert,Dick,warren albert dick
GRT00022353,"Rajagopalan, Sanjay",0,12,Sanjay,Rajagopalan,sanjay rajagopalan
GRT00028642,"Shum, C K",0,5,C K,Shum,c k shum
GRT00029289,"O'Brien, Andrew J.",0,8,Andrew J.,O'Brien,andrew j. o'brien
GRT00030153,"Shum, C K",0,5,C K,Shum,c k shum
GRT00030181,"Baker, Christopher J",0,6,Christopher J,Baker,christopher j baker
GRT00030749,"Li, Dongyue",0,3,Dongyue,Li,dongyue li
GRT00030785,"Majurec, Ninoslav",0,8,Ninoslav,Majurec,ninoslav majurec
GRT00030984,"de la Pena Rodriguez, Santiago",0,21,Santiago,de la Pena Rodriguez,santiago de la pena rodriguez
GRT00031704,"O'Brien, Andrew J.",0,8,Andrew J.,O'Brien,andrew j. o'brien
GRT00031751,"Burkholder, Robert James",0,11,Robert James,Burkholder,robert james burkholder
GRT00031780,"Cole, David Robert",0,5,David Robert,Cole,david robert cole
GRT00032937,"Curtis, Peter Smith",0,7,Peter Smith,Curtis,peter smith curtis
GRT00032937,"Bohrer, Gil",0,7,Gil,Bohrer,gil bohrer
GRT00033417,"Herbei, Radu",0,7,Radu,Herbei,radu herbei
GRT00033421,"Chen, Chi-Chih",0,5,Chi-Chih,Chen,chi-chih chen
GRT00034488,"Wrzesien, Melissa Leigh",0,9,Melissa Leigh,Wrzesien,melissa leigh wrzesien
GRT00034490,"Wigmore, Oliver Henry",0,8,Oliver Henry,Wigmore,oliver henry wigmore
GRT00034879,"Cornish, Katrina",0,8,Katrina,Cornish,katrina cornish
GRT00035357,"Prochaska, Steven Charles",0,10,Steven Charles,Prochaska,steven charles prochaska
GRT00035361,"Wilson, Robyn Suzanne",0,7,Robyn Suzanne,Wilson,robyn suzanne wilson
GRT00035438,"Baker, Christopher J",0,6,Christopher J,Baker,christopher j baker
GRT00035468,"Winslow, Christopher J",0,8,Christopher J,Winslow,christopher j winslow
GRT00035484,"Culman, Steven William",0,7,Steven William,Culman,steven william culman
GRT00035932,"Scheerens, Joseph Carl",0,10,Joseph Carl,Scheerens,joseph carl scheerens
GRT00036052,"Kissel, Laura Jean",0,7,Laura Jean,Kissel,laura jean kissel
GRT00036320,"Thompson, Lonnie Gene",0,9,Lonnie Gene,Thompson,lonnie gene thompson
GRT00036520,"Subburayalu, Sakthi Kumaran",0,12,Sakthi Kumaran,Subburayalu,sakthi kumaran subburayalu
GRT00036725,"Thompson, Lonnie Gene",0,9,Lonnie Gene,Thompson,lonnie gene thompson
GRT00036783,"Roe, Brian Eric",0,4,Brian Eric,Roe,brian eric roe
GRT00037100,"Shum, Che-Kwan",0,5,Che-Kwan,Shum,che-kwan shum
GRT00037100,"Shum, C K",0,5,C K,Shum,c k shum
GRT00037233,"Lorenz, Klaus Eugen",0,7,Klaus Eugen,Lorenz,klaus eugen lorenz
GRT00037322,"Bielicki, Jeffrey M",0,9,Jeffrey M,Bielicki,jeffrey m bielicki
GRT00037373,"Thompson, Ellen Mosley",0,9,Ellen Mosley,Thompson,ellen mosley thompson
GRT00037619,"Wilson, Robyn Suzanne",0,7,Robyn Suzanne,Wilson,robyn suzanne wilson
GRT00037843,"Ertin, Emre",0,6,Emre,Ertin,emre ertin
GRT00037866,"O'Brien, Andrew J.",0,8,Andrew J.,O'Brien,andrew j. o'brien
GRT00037913,"Yardim, Caglar",0,7,Caglar,Yardim,caglar yardim
GRT00037924,"Barker, Joel Daniel",0,7,Joel Daniel,Barker,joel daniel barker
GRT00037981,"Thompson, Lonnie Gene",0,9,Lonnie Gene,Thompson,lonnie gene thompson
GRT00038056,"Islam, Khandakar Rafiq",0,6,Khandakar Rafiq,Islam,khandakar rafiq islam
GRT00038503,"Tuozzolo, Stephen John",0,9,Stephen John,Tuozzolo,stephen john tuozzolo
GRT00038540,"Butalia, Tarunjit Singh",0,8,Tarunjit Singh,Butalia,tarunjit singh butalia
GRT00038594,"Marschall, Elizabeth Ann",0,10,Elizabeth Ann,Marschall,elizabeth ann marschall
GRT00039013,"Faggian, Alessandra",0,8,Alessandra,Faggian,alessandra faggian
GRT00039192,"Culman, Steven William",0,7,Steven William,Culman,steven william culman
GRT00039232,"Noh, Myoung-Jong",0,4,Myoung-Jong,Noh,myoung-jong noh
GRT00039278,"Noh, Myoung-Jong",0,4,Myoung-Jong,Noh,myoung-jong noh
GRT00039346,"Anelli, Carol M.",0,7,Carol M.,Anelli,carol m. anelli
GRT00039387,"Nugent, Selin Elizabeth",0,7,Selin Elizabeth,Nugent,selin elizabeth nugent
GRT00039397,"Watters, Harold D",0,8,Harold D,Watters,harold d watters
GRT00039458,"Nugent, Selin Elizabeth",0,7,Selin Elizabeth,Nugent,selin elizabeth nugent
GRT00039612,"Mouser, Paula",0,7,Paula,Mouser,paula mouser
GRT00039714,"Martin, Jay Franklin",0,7,Jay Franklin,Martin,jay franklin martin
GRT00039714,"Glover, David Charles",0,7,David Charles,Glover,david charles glover
GRT00039753,"Pintor, Lauren Melissa",0,7,Lauren Melissa,Pintor,lauren melissa pintor
GRT00039933,"Pearson, Zoe",0,8,Zoe,Pearson,zoe pearson
GRT00040367,"Fraker, Michael Edward",0,7,Michael Edward,Fraker,michael edward fraker
GRT00040613,"Hix, David Matthew",0,4,David Matthew,Hix,david matthew hix
GRT00040613,"Goebel, Patrick Charles",0,7,Patrick Charles,Goebel,patrick charles goebel
GRT00040674,"Jacobs, Jonathan M",0,7,Jonathan M,Jacobs,jonathan m jacobs
GRT00040676,"Francis, David M",0,8,David M,Francis,david m francis
GRT00041115,"Buffington, Abigail Francesca",0,11,Abigail Francesca,Buffington,abigail francesca buffington
GRT00041131,"Pintor, Lauren Melissa",0,7,Lauren Melissa,Pintor,lauren melissa pintor
GRT00041315,"Beaudon, Emilie Germaine",0,8,Emilie Germaine,Beaudon,emilie germaine beaudon
GRT00041345,"Wilson, Aaron Benjamin",0,7,Aaron Benjamin,Wilson,aaron benjamin wilson
GRT00041519,"Chen, Chi-Chih",0,5,Chi-Chih,Chen,chi-chih chen
GRT00041641,"Hamilton, Ian M",0,9,Ian M,Hamilton,ian m hamilton
GRT00041915,"Hood, Darryl Brice",0,5,Darryl Brice,Hood,darryl brice hood
GRT00042194,"Brooks, Jeremy S",0,7,Jeremy S,Brooks,jeremy s brooks
GRT00042289,"Sawyer, Audrey",0,7,Audrey,Sawyer,audrey sawyer
GRT00042342,"Martin, Jay Franklin",0,7,Jay Franklin,Martin,jay franklin martin
GRT00042421,"Yardim, Caglar",0,7,Caglar,Yardim,caglar yardim
GRT00042639,"Marschall, Elizabeth Ann",0,10,Elizabeth Ann,Marschall,elizabeth ann marschall
GRT00043427,"Browning, Christopher R",0,9,Christopher R,Browning,christopher r browning
GRT00043495,"Kumarappan, Subramanian",0,11,Subramanian,Kumarappan,subramanian kumarappan
GRT00043581,"Kumarappan, Subramanian",0,11,Subramanian,Kumarappan,subramanian kumarappan
GRT00043739,"McHale, Leah K",0,7,Leah K,McHale,leah k mchale
GRT00043752,"Bohrerova, Zuzana",0,10,Zuzana,Bohrerova,zuzana bohrerova
GRT00043808,"Watters, Harold D",0,8,Harold D,Watters,harold d watters
GRT00043809,"Watters, Harold D",0,8,Harold D,Watters,harold d watters
GRT00043947,"Sullivan, Matthew",0,9,Matthew,Sullivan,matthew sullivan
GRT00044019,"Bergefurd, Brad Robert",0,10,Brad Robert,Bergefurd,brad robert bergefurd
GRT00044129,"Wilson, Aaron Benjamin",0,7,Aaron Benjamin,Wilson,aaron benjamin wilson
GRT00044239,"McCutcheon, Jefferson Scott",0,11,Jefferson Scott,McCutcheon,jefferson scott mccutcheon
GRT00044341,"Francis, David M",0,8,David M,Francis,david m francis
GRT00044618,"Sylvander, Nora Tuulia",0,10,Nora Tuulia,Sylvander,nora tuulia sylvander
GRT00044637,"Pintor, Lauren Melissa",0,7,Lauren Melissa,Pintor,lauren melissa pintor
GRT00044927,"Hogan, Michael Patrick",0,6,Michael Patrick,Hogan,michael patrick hogan
GRT00044997,"Buck, Emily Brin",0,5,Emily Brin,Buck,emily brin buck
GRT00045038,"Frasson, Renato",0,8,Renato,Frasson,renato frasson
GRT00045198,"Yi, Yuchan",0,3,Yuchan,Yi,yuchan yi
GRT00045476,"Carey, Anne E",0,6,Anne E,Carey,anne e carey
GRT00045482,"Bergefurd, Brad Robert",0,10,Brad Robert,Bergefurd,brad robert bergefurd
GRT00045792,"Fox, Jesse Alison",0,4,Jesse Alison,Fox,jesse alison fox
GRT00046492,"Pintor, Lauren Melissa",0,7,Lauren Melissa,Pintor,lauren melissa pintor
GRT00046868,"Ball, Christopher David",0,5,Christopher David,Ball,christopher david ball
GRT00046869,"O'Brien, Andrew J.",0,8,Andrew J.,O'Brien,andrew j. o'brien
GRT00046901,"Marschall, Elizabeth Ann",0,10,Elizabeth Ann,Marschall,elizabeth ann marschall
GRT00047270,"Hoy, Casey William",0,4,Casey William,Hoy,casey william hoy
GRT00047518,"Bakshi, Bhavik Ramesh",0,7,Bhavik Ramesh,Bakshi,bhavik ramesh bakshi
GRT00047573,"Canas, Luis A",0,6,Luis A,Canas,luis a canas
GRT00047645,"Colen, Cynthia Gene",0,6,Cynthia Gene,Colen,cynthia gene colen
GRT00047758,"Weavers, Linda K",0,8,Linda K,Weavers,linda k weavers
GRT00047787,"Olesik, John William",0,7,John William,Olesik,john william olesik
GRT00047937,"McHale, Leah K",0,7,Leah K,McHale,leah k mchale
GRT00047958,"Bergefurd, Brad Robert",0,10,Brad Robert,Bergefurd,brad robert bergefurd
GRT00047978,"Brown, Larry Curtis",0,6,Larry Curtis,Brown,larry curtis brown
GRT00048034,"Kalcic, Margaret M",0,7,Margaret M,Kalcic,margaret m kalcic
GRT00048139,"Porter, Stacy Elizabeth",0,7,Stacy Elizabeth,Porter,stacy elizabeth porter
GRT00048142,"Olesik, John William",0,7,John William,Olesik,john william olesik
GRT00048167,"Shastry, Apoorva Ramesh",0,8,Apoorva Ramesh,Shastry,apoorva ramesh shastry
GRT00048208,"Pintor, Lauren Melissa",0,7,Lauren Melissa,Pintor,lauren melissa pintor
GRT00048345,"Cai, Yongyang",0,4,Yongyang,Cai,yongyang cai
GRT00048488,"Dorsey, Jay D.",0,7,Jay D.,Dorsey,jay d. dorsey
GRT00048900,"Hix, David Matthew",0,4,David Matthew,Hix,david matthew hix
GRT00049377,"Badu-Tawiah, Abraham K",0,12,Abraham K,Badu-Tawiah,abraham k badu-tawiah
GRT00049412,"Harkness, Jennifer",0,9,Jennifer,Harkness,jennifer harkness
GRT00049473,"Wrighton, Kelly Catherine",0,9,Kelly Catherine,Wrighton,kelly catherine wrighton
GRT00049611,"Yi, Yuchan",0,3,Yuchan,Yi,yuchan yi
GRT00049718,"Gabrielli, Paolo",0,10,Paolo,Gabrielli,paolo gabrielli
GRT00049753,"Howat, Ian M",0,6,Ian M,Howat,ian m howat
GRT00049776,"Dietsch, Alia M",0,8,Alia M,Dietsch,alia m dietsch
GRT00049968,"Fowler, James Andrew",0,7,James Andrew,Fowler,james andrew fowler
GRT00050088,"Bringer, Alexandra Madeleine Catherine Yvonne",0,8,Alexandra Madeleine Catherine Yvonne,Bringer,alexandra madeleine catherine yvonne bringer
GRT00051052,"Dorsey, Jay D.",0,7,Jay D.,Dorsey,jay d. dorsey
GRT00051053,"Shedekar, Vinayak Shamrao",0,9,Vinayak Shamrao,Shedekar,vinayak shamrao shedekar
GRT00051384,"Watters, Harold D",0,8,Harold D,Watters,harold d watters
GRT00051496,"Julian, David A",0,7,David A,Julian,david a julian
GRT00051523,"Islam, Khandakar Rafiq",0,6,Khandakar Rafiq,Islam,khandakar rafiq islam
GRT00051756,"Hood, James",0,5,James,Hood,james hood
GRT00051794,"Verweij, Hendrik",0,8,Hendrik,Verweij,hendrik verweij
GRT00051873,"Winslow, Christopher J",0,8,Christopher J,Winslow,christopher j winslow
GRT00051877,"Gardner, Christopher Brent",0,8,Christopher Brent,Gardner,christopher brent gardner
GRT00051948,"Wilson, Robyn Suzanne",0,7,Robyn Suzanne,Wilson,robyn suzanne wilson
GRT00051991,"Taylor, Christopher Gordon",0,7,Christopher Gordon,Taylor,christopher gordon taylor
GRT00052089,"Lee, Jiyoung",0,4,Jiyoung,Lee,jiyoung lee
GRT00052119,"Lipps, Gregory J",0,6,Gregory J,Lipps,gregory j lipps
GRT00052122,"Gray, Suzanne Marie",0,5,Suzanne Marie,Gray,suzanne marie gray
GRT00052263,"Dorsey, Jay D.",0,7,Jay D.,Dorsey,jay d. dorsey
GRT00052577,"Jia, Yuanyuan",0,4,Yuanyuan,Jia,yuanyuan jia
GRT00052768,"Buffington, Abigail Francesca",0,11,Abigail Francesca,Buffington,abigail francesca buffington
GRT00052773,"Noh, Myoung-Jong",0,4,Myoung-Jong,Noh,myoung-jong noh
GRT00052869,"Heldman, Dennis Ray",0,8,Dennis Ray,Heldman,dennis ray heldman
GRT00053000,"Frasson, Renato",0,8,Renato,Frasson,renato frasson
GRT00054066,"May, Andrew A",0,4,Andrew A,May,andrew a may
GRT00054596,"Neese, Christopher F.",0,6,Christopher F.,Neese,christopher f. neese
GRT00054776,"Gourapura, Renukaradhya Jayamurthy",0,10,Renukaradhya Jayamurthy,Gourapura,renukaradhya jayamurthy gourapura
GRT00054946,"Coss, Stephen Paul",0,5,Stephen Paul,Coss,stephen paul coss
GRT00054955,"Kalcic, Margaret M",0,7,Margaret M,Kalcic,margaret m kalcic
GRT00054962,"Dorsey, Jay D.",0,7,Jay D.,Dorsey,jay d. dorsey
GRT00055087,"Wilson, Aaron Benjamin",0,7,Aaron Benjamin,Wilson,aaron benjamin wilson
GRT00055159,"Watters, Harold D",0,8,Harold D,Watters,harold d watters
GRT00055303,"MacKay, Allison A",0,7,Allison A,MacKay,allison a mackay
GRT00055511,"Wu, Chieh-Ming",0,3,Chieh-Ming,Wu,chieh-ming wu
GRT00056129,"Bohrerova, Zuzana",0,10,Zuzana,Bohrerova,zuzana bohrerova
GRT00056313,"Zhao, Kaiguang",0,5,Kaiguang,Zhao,kaiguang zhao
GRT00056321,"Jia, Yuanyuan",0,4,Yuanyuan,Jia,yuanyuan jia
GRT00056326,"Kim, Sanggu",0,4,Sanggu,Kim,sanggu kim
GRT00056366,"Hood, James",0,5,James,Hood,james hood
GRT00056659,"Witter, Jonathan D",0,7,Jonathan D,Witter,jonathan d witter
GRT00056846,"Davies, Gwilym Matthew",0,7,Gwilym Matthew,Davies,gwilym matthew davies
GRT00056960,"Guo, Junyi",0,4,Junyi,Guo,junyi guo
GRT00056970,"Beetstra, Margaret Anne",0,9,Margaret Anne,Beetstra,margaret anne beetstra
GRT00057013,"Kauffman, Emily Bowen",0,9,Emily Bowen,Kauffman,emily bowen kauffman
GRT00057831,"Shedekar, Vinayak Shamrao",0,9,Vinayak Shamrao,Shedekar,vinayak shamrao shedekar
GRT00057926,"Tonra, Christopher M",0,6,Christopher M,Tonra,christopher m tonra
GRT00058053,"Rajashekara, Gireesh",0,12,Gireesh,Rajashekara,gireesh rajashekara
GRT00058314,"Neikirk, Heather A",0,8,Heather A,Neikirk,heather a neikirk
GRT00058540,"Li, Zhiying",0,3,Zhiying,Li,zhiying li
GRT00058708,"Kalish, Alan L",0,7,Alan L,Kalish,alan l kalish
GRT00059173,"Marschall, Elizabeth Ann",0,10,Elizabeth Ann,Marschall,elizabeth ann marschall
GRT00059186,"Manubolu, Manjunath",0,9,Manjunath,Manubolu,manjunath manubolu
GRT00059260,"Kalcic, Margaret M",0,7,Margaret M,Kalcic,margaret m kalcic
GRT00060083,"DeGrand, James Qualls",0,8,James Qualls,DeGrand,james qualls degrand
GRT00060358,"Tilmon, Kelley Jean",0,7,Kelley Jean,Tilmon,kelley jean tilmon
GRT00060424,"Lee, Jiyoung",0,4,Jiyoung,Lee,jiyoung lee
GRT00021220,"Lal, Rattan",0,4,Rattan,Lal,rattan lal
GRT00028642,"Yi, Yuchan",0,3,Yuchan,Yi,yuchan yi
GRT00030181,"Lee, Jin-Fa",0,4,Jin-Fa,Lee,jin-fa lee
GRT00030984,"Shum, C K",0,5,C K,Shum,c k shum
GRT00031704,"Shum, C K",0,5,C K,Shum,c k shum
GRT00031751,"Majurec, Ninoslav",0,8,Ninoslav,Majurec,ninoslav majurec
GRT00031780,"Lyons, William Berry",0,6,William Berry,Lyons,william berry lyons
GRT00033421,"Durand, Michael Thomas",0,7,Michael Thomas,Durand,michael thomas durand
GRT00034879,"Reeder, Randall Carl",0,7,Randall Carl,Reeder,randall carl reeder
GRT00035357,"Watters, Harold D",0,8,Harold D,Watters,harold d watters
GRT00035438,"Burkholder, Robert James",0,11,Robert James,Burkholder,robert james burkholder
GRT00035484,"Klaiber, Henry Allen",0,8,Henry Allen,Klaiber,henry allen klaiber
GRT00036783,"Wilson, Robyn Suzanne",0,7,Robyn Suzanne,Wilson,robyn suzanne wilson
GRT00037100,"Yi, Yuchan",0,3,Yuchan,Yi,yuchan yi
GRT00037322,"Bohrerova, Zuzana",0,10,Zuzana,Bohrerova,zuzana bohrerova
GRT00037843,"Villarroel, Wladimiro",0,11,Wladimiro,Villarroel,wladimiro villarroel
GRT00037924,"Boyer, Elisebeth",0,6,Elisebeth,Boyer,elisebeth boyer
GRT00038540,"Cheng, Chin-Min",0,6,Chin-Min,Cheng,chin-min cheng
GRT00039013,"Fiksel, Joseph",0,7,Joseph,Fiksel,joseph fiksel
GRT00039192,"Doohan, Douglas",0,7,Douglas,Doohan,douglas doohan
GRT00039278,"Tomko, Karen A",0,6,Karen A,Tomko,karen a tomko
GRT00039346,"Boswell, Jacob Ross",0,8,Jacob Ross,Boswell,jacob ross boswell
GRT00039612,"Verweij, Hendrik",0,8,Hendrik,Verweij,hendrik verweij
GRT00039753,"Zhao, Kaiguang",0,5,Kaiguang,Zhao,kaiguang zhao
GRT00040676,"Rajashekara, Gireesh",0,12,Gireesh,Rajashekara,gireesh rajashekara
GRT00041131,"Zhao, Kaiguang",0,5,Kaiguang,Zhao,kaiguang zhao
GRT00041641,"Moritz, Matthijs",0,7,Matthijs,Moritz,matthijs moritz
GRT00041915,"Olivo-Marston, Susan Elizabeth",0,14,Susan Elizabeth,Olivo-Marston,susan elizabeth olivo-marston
GRT00042194,"Lee, Jiyoung",0,4,Jiyoung,Lee,jiyoung lee
GRT00042194,"Irwin, Elena",0,6,Elena,Irwin,elena irwin
GRT00042342,"Ward, Andrew David",0,5,Andrew David,Ward,andrew david ward
GRT00043427,"Salsberry, Pamela Jayne",0,10,Pamela Jayne,Salsberry,pamela jayne salsberry
GRT00043581,"Taylor, Christopher Gordon",0,7,Christopher Gordon,Taylor,christopher gordon taylor
GRT00043752,"Cheng, Chin-Min",0,6,Chin-Min,Cheng,chin-min cheng
GRT00044019,"Lewandowski, Rory",0,12,Rory,Lewandowski,rory lewandowski
GRT00044239,"Pairis-Garcia, Monique D",0,14,Monique D,Pairis-Garcia,monique d pairis-garcia
GRT00044341,"Scheerens, Joseph Carl",0,10,Joseph Carl,Scheerens,joseph carl scheerens
GRT00044927,"McDermott, Timothy S",0,10,Timothy S,McDermott,timothy s mcdermott
GRT00044997,"Specht, Annie R",0,7,Annie R,Specht,annie r specht
GRT00045476,"Cole, David Robert",0,5,David Robert,Cole,david robert cole
GRT00045482,"Smith, Matthew A",0,6,Matthew A,Smith,matthew a smith
GRT00045792,"Nicolas, Julien Pierre",0,8,Julien Pierre,Nicolas,julien pierre nicolas
GRT00046492,"Zhao, Kaiguang",0,5,Kaiguang,Zhao,kaiguang zhao
GRT00046868,"O'Brien, Andrew J.",0,8,Andrew J.,O'Brien,andrew j. o'brien
GRT00046869,"Smith, Graeme",0,6,Graeme,Smith,graeme smith
GRT00047518,"Bielicki, Jeffrey M",0,9,Jeffrey M,Bielicki,jeffrey m bielicki
GRT00047573,"Miller, Sally Ann",0,7,Sally Ann,Miller,sally ann miller
GRT00047645,"Felix, Ashley",0,6,Ashley,Felix,ashley felix
GRT00047645,"Hyder, Ayaz",0,6,Ayaz,Hyder,ayaz hyder
GRT00047958,"Culman, Steven William",0,7,Steven William,Culman,steven william culman
GRT00047978,"Martin, Jay Franklin",0,7,Jay Franklin,Martin,jay franklin martin
GRT00048139,"Thompson, Lonnie Gene",0,9,Lonnie Gene,Thompson,lonnie gene thompson
GRT00048208,"Zhao, Kaiguang",0,5,Kaiguang,Zhao,kaiguang zhao
GRT00048345,"Cervenec, Jason M",0,9,Jason M,Cervenec,jason m cervenec
GRT00049718,"Thompson, Ellen Mosley",0,9,Ellen Mosley,Thompson,ellen mosley thompson
GRT00049968,"Kajfez, Rachel L.",0,7,Rachel L.,Kajfez,rachel l. kajfez
GRT00051496,"Kalcic, Margaret M",0,7,Margaret M,Kalcic,margaret m kalcic
GRT00051523,"Shedekar, Vinayak Shamrao",0,9,Vinayak Shamrao,Shedekar,vinayak shamrao shedekar
GRT00052089,"Winston, Ryan J",0,8,Ryan J,Winston,ryan j winston
GRT00052773,"Tomko, Karen A",0,6,Karen A,Tomko,karen a tomko
GRT00052869,"Simons, Christopher T",0,7,Christopher T,Simons,christopher t simons
GRT00054955,"Murumkar, Asmita",0,9,Asmita,Murumkar,asmita murumkar
GRT00056321,"Yi, Yuchan",0,3,Yuchan,Yi,yuchan yi
GRT00057013,"Miller, Harvey Jay",0,7,Harvey Jay,Miller,harvey jay miller
GRT00058708,"Kogan, Vladimir",0,6,Vladimir,Kogan,vladimir kogan
GRT00059260,"Kubatko, Ethan",0,8,Ethan,Kubatko,ethan kubatko
GRT00060424,"Lemeshow, Stanley Alan",0,9,Stanley Alan,Lemeshow,stanley alan lemeshow
GRT00021220,"Lekies, Kristi S",0,7,Kristi S,Lekies,kristi s lekies
GRT00031704,"Yi, Yuchan",0,3,Yuchan,Yi,yuchan yi
GRT00031751,"O'Brien, Andrew J.",0,8,Andrew J.,O'Brien,andrew j. o'brien
GRT00031780,"Mark, Bryan Greenwood",0,5,Bryan Greenwood,Mark,bryan greenwood mark
GRT00033421,"Jezek, Kenneth C",0,6,Kenneth C,Jezek,kenneth c jezek
GRT00034879,"Romich, Eric S",0,7,Eric S,Romich,eric s romich
GRT00035438,"Creech, Gregory L",0,7,Gregory L,Creech,gregory l creech
GRT00035484,"Kumarappan, Subramanian",0,11,Subramanian,Kumarappan,subramanian kumarappan
GRT00039013,"Hoy, Casey William",0,4,Casey William,Hoy,casey william hoy
GRT00039192,"Lekies, Kristi S",0,7,Kristi S,Lekies,kristi s lekies
GRT00039346,"Clark, Jill Kathleen",0,6,Jill Kathleen,Clark,jill kathleen clark
GRT00042194,"Roe, Brian Eric",0,4,Brian Eric,Roe,brian eric roe
GRT00043427,"Song, Chi",0,5,Chi,Song,chi song
GRT00044927,"Spees, Colleen Kelleher",0,6,Colleen Kelleher,Spees,colleen kelleher spees
GRT00045476,"Mark, Bryan Greenwood",0,5,Bryan Greenwood,Mark,bryan greenwood mark
GRT00045482,"Worley, Charles Thomas",0,7,Charles Thomas,Worley,charles thomas worley
GRT00046868,"Smith, Graeme",0,6,Graeme,Smith,graeme smith
GRT00047518,"Cai, Yongyang",0,4,Yongyang,Cai,yongyang cai
GRT00047645,"Yotebieng, Marcel",0,10,Marcel,Yotebieng,marcel yotebieng
GRT00047958,"Lewandowski, Rory",0,12,Rory,Lewandowski,rory lewandowski
GRT00047978,"Ward, Andrew David",0,5,Andrew David,Ward,andrew david ward
GRT00048139,"Wilson, Aaron Benjamin",0,7,Aaron Benjamin,Wilson,aaron benjamin wilson
GRT00048345,"Irwin, Elena",0,6,Elena,Irwin,elena irwin
GRT00049968,"Longmeier, Meris Mandernach",0,10,Meris Mandernach,Longmeier,meris mandernach longmeier
GRT00051496,"Labarge, Gregory Allen",0,8,Gregory Allen,Labarge,gregory allen labarge
GRT00060424,"Lenhart, John Jerome",0,8,John Jerome,Lenhart,john jerome lenhart
GRT00031751,"Smith, Graeme",0,6,Graeme,Smith,graeme smith
GRT00031780,"Welch, Susan A",0,6,Susan A,Welch,susan a welch
GRT00034879,"Sundermeier, Alan P",0,12,Alan P,Sundermeier,alan p sundermeier
GRT00035438,"Smith, Graeme",0,6,Graeme,Smith,graeme smith
GRT00039013,"Martin, Jay Franklin",0,7,Jay Franklin,Martin,jay franklin martin
GRT00039346,"Gardiner, Mary Margaret",0,9,Mary Margaret,Gardiner,mary margaret gardiner
GRT00045476,"Welch, Susan A",0,6,Susan A,Welch,susan a welch
GRT00047518,"Fiksel, Joseph",0,7,Joseph,Fiksel,joseph fiksel
GRT00047978,"Witter, Jonathan D",0,7,Jonathan D,Witter,jonathan d witter
GRT00048345,"Labarge, Gregory Allen",0,8,Gregory Allen,Labarge,gregory allen labarge
GRT00049968,"Nandi, Arnab",0,6,Arnab,Nandi,arnab nandi
GRT00051496,"Roe, Brian Eric",0,4,Brian Eric,Roe,brian eric roe
GRT00060424,"Weavers, Linda K",0,8,Linda K,Weavers,linda k weavers
GRT00035438,"Teixeira, Fernando L.",0,9,Fernando L.,Teixeira,fernando l. teixeira
GRT00039346,"Haden, Van Ryan",0,6,Van Ryan,Haden,van ryan haden
GRT00047518,"Jackson-Smith, Douglas B",0,14,Douglas B,Jackson-Smith,douglas b jackson-smith
GRT00048345,"Lekies, Kristi S",0,7,Kristi S,Lekies,kristi s lekies
GRT00051496,"Wilson, Robyn Suzanne",0,7,Robyn Suzanne,Wilson,robyn suzanne wilson
GRT00060424,"Weir, Mark Howard",0,5,Mark Howard,Weir,mark howard weir
GRT00039346,"Heldman, Dennis Ray",0,8,Dennis Ray,Heldman,dennis ray heldman
GRT00047518,"Martin, Jay Franklin",0,7,Jay Franklin,Martin,jay franklin martin
GRT00048345,"Mark, Bryan Greenwood",0,5,Bryan Greenwood,Mark,bryan greenwood mark
GRT00051496,"Winston, Ryan J",0,8,Ryan J,Winston,ryan j winston
GRT00039346,"Hitzhusen, Gregory Ernest",0,10,Gregory Ernest,Hitzhusen,gregory ernest hitzhusen
GRT00047518,"Randall, Alan John",0,8,Alan John,Randall,alan john randall
GRT00048345,"Wilson, Aaron Benjamin",0,7,Aaron Benjamin,Wilson,aaron benjamin wilson
GRT00039346,"Irwin, Elena",0,6,Elena,Irwin,elena irwin
GRT00047518,"Sheldon, Ian Martin",0,8,Ian Martin,Sheldon,ian martin sheldon
GRT00048345,"Zhao, Kaiguang",0,5,Kaiguang,Zhao,kaiguang zhao
GRT00039346,"Kumarappan, Subramanian",0,11,Subramanian,Kumarappan,subramanian kumarappan
GRT00047518,"Wilson, Robyn Suzanne",0,7,Robyn Suzanne,Wilson,robyn suzanne wilson
GRT00039346,"MacDonald, Ross Barclay",0,10,Ross Barclay,MacDonald,ross barclay macdonald
GRT00039346,"Martin, Jay Franklin",0,7,Jay Franklin,Martin,jay franklin martin
GRT00039346,"Mercer, Kristin",0,7,Kristin,Mercer,kristin mercer
