name,Last_Name_e,Name_Dot,Eng_ID,IDENTIFIER,NAME
Alexander Thompson,thompson,thompson.1191,1,1082,"Thompson, Alexander Sackett"
Brent Laboiteaux Sohngen,sohngen,sohngen.1,3,38536,"Sohngen, Brent Laboiteaux"
Christian Blanco,blanco,blanco.58,4,23414,"Blanco, Christian"
Cinnamon Carlarne,carlarne,carlarne.1,5,14849,"Carlarne, Cinnamon Pinon"
Edward Hill,hill,hill.1973,6,20792,"Hill, Edward W"
Elena Irwin,irwin,irwin.78,7,39728,"Irwin, Elena"
Erin McKie,mckie,mckie.5,8,23341,"McKie, Erin C"
H. Allen Klaiber,klaiber,klaiber.16,9,15045,"Klaiber, Henry Allen"
Hongtao Yi,yi,yi.201,10,16282,"Yi, Hongtao"
Ian Sheldon,sheldon,sheldon.1,11,36128,"Sheldon, Ian Martin"
Joyce Chen,chen,chen.1276,12,5253,"Chen, Joyce J"
Sathya Gopalakrishnan,gopalakrishnan,gopalakrishnan.27,18,15074,"Gopalakrishnan, Sathya"
Sherman Hanna,hanna,hanna.1,19,35358,"Hanna, Sherman Davie"
Yongyang Cai,cai,cai.619,21,32374,"Cai, Yongyang"
Eric Romich,romich,romich.2,23,10410,"Romich, Eric S"
Nancy Bowen-Ellzey,bowenellzey,bowen-ellzey.1,25,39874,"Bowen-Ellzey, Nancy E"
Peggy Hall,hall,hall.673,26,36242,"Hall, Peggy Kirk"
Ashley Griffith,griffith,griffith.233,28,23860,"Griffith, William Ashley"
Aylin Yener,yener,yener.5,29,29255,"Yener, Aylin"
Birgit Alber,alber,alber.8,30,5924,"Alber, Birgit"
Carolin Fink,fink,fink.242,31,31749,"Fink, Carolin"
David Barker,barker,barker.169,33,316,"Barker, David John"
David Nagib,nagib,nagib.1,36,19605,"Nagib, David A"
Derek Sawyer,sawyer,sawyer.144,37,19662,"Sawyer, Derek"
Franklin Schwartz,schwartz,schwartz.11,38,35984,"Schwartz, Franklin Walter"
Hongping Zhao,zhao,zhao.2592,39,23928,"Zhao, Hongping"
Ilham El-Monier,elmonier,el-monier.1,40,22404,"El-Monier, Ilham"
James Lee,lee,lee.31,41,34621,"Lee, L James"
Jay Hollick,hollick,hollick.3,42,16228,"Hollick, Jay B"
Joseph Krzycki,krzycki,krzycki.1,47,35448,"Krzycki, Joseph Adrian"
Jovica Badjic,badjic,badjic.1,48,3108,"Badjic, Jovica"
Kenneth Saint Martin,martin,martin.1540,50,4110,"Martin, Kenneth E"
Loren Babcock,babcock,babcock.5,51,36298,"Babcock, Loren Edward"
Matthew Saltzman,saltzman,saltzman.11,52,232,"Saltzman, Matthew R"
Michael Barton,barton,barton.2,54,34952,"Barton, Michael"
Michael Bevis,bevis,bevis.6,55,2708,"Bevis, Michael G"
Sabine Jeschonnek,jeschonnek,jeschonnek.1,59,1060,"Jeschonnek, Sabine"
Ulrich Heinz,heinz,heinz.9,61,680,"Heinz, Ulrich Walter"
Venkat Gopalan,gopalan,gopalan.5,62,39265,"Gopalan, Venkat"
Abdollah Shafieezadeh,shafieezadeh,shafieezadeh.1,64,16624,"Shafieezadeh, Abdollah"
Abhisek Gupta,gupta,gupta.706,65,20901,"Gupta, Abhishek"
Ahmet Kahraman,kahraman,kahraman.1,66,35420,"Kahraman, Ahmet"
Ahmet Selamet,selamet,selamet.1,67,38304,"Selamet, Ahmet"
Ajay Shah,shah,shah.971,68,19074,"Shah, Ajay"
Alfred Soboyejo,soboyejo,soboyejo.2,69,38513,"Soboyejo, Alfred B O"
Anant Agarwal,agarwal,agarwal.334,70,23914,"Agarwal, Anant K"
Andrew Cruse,cruse,cruse.40,71,17963,"Cruse, Andrew Lyle"
Anish Arora,arora,arora.9,72,37153,"Arora, Anish Kumar"
Ann Christy,christy,christy.14,73,34789,"Christy, Ann Denise"
Aravind Asthagiri,asthagiri,asthagiri.1,75,38059,"Asthagiri, Aravind Rajappa"
Atilla Eryilmaz,eryilmaz,eryilmaz.2,76,6432,"Eryilmaz, Atilla"
Ayman Fayed,fayed,fayed.1,77,39671,"Fayed, Ayman Adel"
Benjamin Coifman,coifman,coifman.,78,40343,"Coifman, Benjamin A."
Bhavik Bakshi,bakshi,bakshi.2,79,37481,"Bakshi, Bhavik Ramesh"
Cam Giang,giang,giang.1,80,38498,"Giang, Cam Vinh"
Carol Smidts,smidts,smidts.1,81,7069,"Smidts, Carol S."
Chen Chen,chen,chen.8018,82,23922,"Chen, Chen"
Christopher Stewart,stewart,stewart.962,83,12259,"Stewart, Christopher Charles"
Codrin Gruie Cantemir,cantemir,cantemir.1,84,740,"Cantemir, Codrin Gruie"
David Talbot,talbot,talbot.11,85,3260,"Talbot, David C."
David Woods,woods,woods.2,86,35843,"Woods, David D"
Dean Wang,wang,wang.12239,87,26235,"Wang, Dean"
Dennis Heldman,heldman,heldman.20,88,16670,"Heldman, Dennis Ray"
Dongbin Xiu,xiu,xiu.16,89,21965,"Xiu, Dongbin"
Eylem Ekici,ekici,ekici.2,90,1723,"Ekici, Eylem"
Farhang Pourboghrat,pourboghrat,pourboghrat.2,91,20931,"Pourboghrat, Farhang"
Feng Qin,qin,qin.34,92,5293,"Qin, Feng"
Giorgio Rizzoni,rizzoni,rizzoni.1,93,36455,"Rizzoni, Giorgio"
Herman (Mo-how) Shen,shen,shen.1,95,36125,"Shen, Mo-How Herman"
Hesham El-Gamal,elgamal,elgamal.2,96,724,"Elgamal, Hesham M."
Jack McNamara,mcnamara,mcnamara.190,98,5331,"McNamara, Jack Joseph"
James Gregory,gregory,gregory.234,99,6873,"Gregory, James W"
Jeffrey Bons,bons,bons.2,101,6030,"Bons, Jeffrey Peter"
Jeffrey Sutton,sutton,sutton.235,102,7130,"Sutton, Jeffrey A."
Jin Wang,wang,wang.1248,104,6641,"Wang, Jin"
Joel Paulson,paulson,paulson.82,105,27255,"Paulson, Joel A"
John Horack,horack,horack.1,107,22225,"Horack, John"
Julia Zhang,zhang,zhang.564,108,4512,"Zhang, Julia"
Katrina Cornish,cornish,cornish.19,110,13421,"Cornish, Katrina"
Li-Chiang Lin,lin,lin.2645,112,32285,"Lin, Li-Chiang"
Longya Xu,xu,xu.12,113,36447,"Xu, Longya"
Mahesh Illindala,illindala,illindala.1,115,15208,"Illindala, Mahesh Sitaram"
Marcello Canova,canova,canova.1,116,3070,"Canova, Marcello"
Marcelo Dapino,dapino,dapino.1,117,1165,"Dapino, Marcelo J"
Mohammad Samimy,samimy,samimy.1,118,35107,"Samimy, Mohammad"
Ness Shroff,shroff,shroff.11,119,5937,"Shroff, Ness B"
Peter Ling,ling,ling.23,121,39487,"Ling, Peter P."
Qadeer Ahmed,ahmed,ahmed.358,123,16002,"Ahmed, Qadeer"
Rabi Mishalani,mishalani,mishalani.1,124,39085,"Mishalani, Rabi G"
Rajendra Singh,singh,singh.3,125,34217,"Singh, Rajendra"
Ramteen Sioshansi,sioshansi,sioshansi.1,126,11082,"Sioshansi, Ramteen Mehr"
Randall Mathison,mathison,mathison.4,127,1693,"Mathison, Randall Melson"
Sami Khanal,khanal,khanal.3,130,10813,"Khanal, Sami"
Sanjay Krishna,krishna,krishna.53,131,22360,"Krishna, Sanjay"
Scott Shearer,shearer,shearer.95,132,34415,"Shearer, Scott Allan"
Seung Hyun Kim,kim,kim.5061,134,18287,"Kim, Seung Hyun"
Shamsul Arafin,arafin,arafin.1,135,25834,"Arafin, Shamsul"
Shawn Midlam-Mohler,midlammohler,midlam-mohler.1,136,40225,"Midlam-Mohler, Shawn W"
Siddarth Rajan,rajan,rajan.21,137,11250,"Rajan, Siddharth"
Stephanie Stockar,stockar,stockar.1,138,11264,"Stockar, Stephanie"
Tyler J. Grassman,grassman,grassman.5,140,6837,"Grassman, Tyler Joshua"
Vaibjav Sinha,sinha,sinha.181,141,22571,"Sinha, Vaibhav"
Zhongtang Yu,yu,yu.226,145,774,"Yu, Zhongtang"
Jeffrey Bielicki,bielicki,bielicki.2,146,17905,"Bielicki, Jeffrey M"
Vishnu Baba Sundaresan,sundaresan,sundaresan.19,147,16218,"Sundaresan, Vishnu Baba"
Aaron Arehart,arehart,arehart.5,148,39505,"Arehart, Aaron Robert"
Abraham Badu-Tawiah,badutawiah,badu-tawiah.1,149,19616,"Badu-Tawiah, Abraham Kwame"
Ali Ameri,ameri,ameri.1,151,5159,"Ameri, Ali A."
Andrew Tong,tong,tong.48,152,3001,"Tong, Andrew S."
Anne Co,co,co.5,153,13635,"Co, Anne"
Ardeshir Contractor,contractor,contractor.15,154,35028,"Contractor, Ardeshir Dady"
Christo Sevov,sevov,sevov.1,157,23431,"Sevov, Christo S"
Claudia Turro,turro,turro.1,160,38418,"Turro, Claudia"
Datta Gaitonde,gaitonde,gaitonde.1,161,13770,"Gaitonde, Datta V"
David McComb,mccomb,mccomb.29,162,15300,"McComb, David W"
Ezekiel Johnston-Halperin,johnstonhalperin,johnston-halperin.1,163,5250,"Johnston-Halperin, Ezekiel"
Fengyuan Yang,yang,yang.1006,164,2530,"Yang, Fengyuan"
Gerald Frankel,frankel,frankel.10,166,38099,"Frankel, Gerald S"
Glenn Daehn,daehn,daehn.1,167,35705,"Daehn, Glenn Steven"
Hannah Shafaat,shafaat,shafaat.1,168,17916,"Shafaat, Hannah Syeda"
Joseph Heremans,heremans,heremans.1,172,4406,"Heremans, Joseph P"
Josh Goldberger,goldberger,goldberger.4,173,40075,"Goldberger, Joshua E"
Jung Hyun Kim,kim,kim.6776,174,22570,"Kim, Jung Hyun"
Kiran D'Souza,dsouza,dsouza.60,175,19716,"D'Souza, Kiran Xavier"
Leonard Brillson,brillson,brillson.1,177,38466,"Brillson, Leonard J"
Liang-Shih Fan,fan,fan.1,178,34083,"Fan, Liang-Shih"
Lingying Zhao,zhao,zhao.119,179,1248,"Zhao, Lingying"
Lisa Hall,hall,hall.1004,180,16237,"Hall, Lisa M"
Marat Khafizov,khafizov,khafizov.1,181,19822,"Khafizov, Marat"
Marc Bockrath,bockrath,bockrath.31,182,22416,"Bockrath, Marc W"
Michael Dunn,dunn,dunn.129,183,38271,"Dunn, Michael George"
Nandini Trivedi,trivedi,trivedi.15,184,3372,"Trivedi, Nandini"
Narasi Sridhar,sridhar,sridhar.13,185,6692,"Sridhar, Narasi"
Patrice Hamel,hamel,hamel.16,187,4789,"Hamel, Patrice P."
Patrick Woodward,woodward,woodward.55,188,39521,"Woodward, Patrick Marvin"
Pelagia-Iren (Perena) Gouma,gouma,gouma.2,190,38704,"Gouma, Pelagia-Iren"
Peter Anderson,anderson,anderson.1,191,35834,"Anderson, Peter Martin"
Philip Grandinetti,grandinetti,grandinetti.1,192,37376,"Grandinetti, Philip John"
Roberto Myers,myers,myers.1079,194,11282,"Myers, Roberto Correa"
Rolando Valdes Aguilar,valdesaguilar,valdesaguilar.1,195,18073,"Valdes Aguilar, Rolando"
Sandip Mazumder,mazumder,mazumder.2,196,2926,"Mazumder, Sandip"
Shang-Tian Yang,yang,yang.15,197,35162,"Yang, Shang-Tian"
Sheikh Akbar,akbar,akbar.1,198,35716,"Akbar, Sheikh Ali"
Shiyu Zhang,zhang,zhang.8941,199,23651,"Zhang, Shiyu"
Terry Gustafson,gustafson,gustafson.5,202,35991,"Gustafson, Terry Lee"
Umit Ozkan,ozkan,ozkan.1,203,35009,"Ozkan, Umit S"
William Xiaoguang Wang,wang,wang.12206,205,33101,"Wang, Xiaoguang"
Xiaoxue Wang,wang,wang.12262,206,33208,"Wang, Xiaoxue"
Yiying Wu,wu,wu.531,207,4244,"Wu, Yiying"
Aimee Moore,moore,moore.544,208,37546,"Moore, Aimee Haibibi"
Audrey Sawyer,sawyer,sawyer.143,209,19597,"Sawyer, Audrey"
Brian Slater,slater,slater.39,212,38871,"Slater, Brian K"
C.K. Shum,shum,shum.3,213,39036,"Shum, C K"
Chin-Men Cheng,cheng,cheng.160,214,38916,"Cheng, Chin-Min"
Douglas Jackson-Smith,jacksonsmith,jackson-smith.1,216,22031,"Jackson-Smith, Douglas B"
Elizabeth Dayton,dayton,dayton.15,217,2537,"Dayton, Elizabeth Ann"
Ellen Mosley Thompson,thompson,thompson.4,218,33784,"Thompson, Ellen Mosley"
Ethan Kubatko,kubatko,kubatko.3,219,10850,"Kubatko, Ethan"
Guzin Bayraksan,bayraksan,bayraksan.1,221,16897,"Bayraksan, Guzin"
Ian Howat,howat,howat.4,223,6986,"Howat, Ian M"
John Lenhart,lenhart,lenhart.49,227,2160,"Lenhart, John Jerome"
Jonathan Fresnedo Ramirez,fresnedoramirez,fresnedoramirez.1,228,21894,"Fresnedo Ramirez, Jonathan"
Jordan Clark,clark,clark.1217,229,23539,"Clark, Jordan D"
Katherine Jenkins,jenkins,jenkins.1060,230,22146,"Jenkins, Katherine A"
Kimberly Burton,burton,burton.90,232,38858,"Burton, Kimberly Ann"
Klaus Lorenz,lorenz,lorenz.59,233,3345,"Lorenz, Klaus Eugen"
Linda Weavers,weavers,weavers.1,234,39255,"Weavers, Linda K"
Mrinal Kumar,kumar,kumar.672,235,22428,"Kumar, Mrinal"
Roman Lanno,lanno,lanno.1,238,1193,"Lanno, Roman P."
Shaurya Prakash,prakash,prakash.31,239,12263,"Prakash, Shaurya"
Stacey Fineran,fineran,fineran.2,240,39627,"Fineran, Stacey Ann"
Steven Quiring,quiring,quiring.10,241,22415,"Quiring, Steven M"
Tarunjit Butalia,butalia,butalia.1,243,36257,"Butalia, Tarunjit Singh"
Van R. Haden,haden,haden.9,246,19810,"Haden, Van Ryan"
W.S. Winston Ho,ho,ho.192,247,1621,"Ho, W.S. Winston"
Wei Zhang,zhang,zhang.491,249,17358,"Zhang, Wei"
William Clevenger,clevenger,clevenger.10,250,37573,"Clevenger, William Bruce"
Yue Qin,qin,qin.548,251,33374,"Qin, Yue"
Zuzana Bohrerova,bohrerova,bohrerova.1,252,11324,"Bohrerova, Zuzana"
Alison MacKay,mackay,mackay.49,253,20916,"MacKay, Allison A"
Khandakar Rafiq Islam,islam,islam.27,255,1411,"Islam, Khandakar Rafiq"
Rattan Lal,lal,lal.1,256,35589,"Lal, Rattan"
Anastasia Snyder,snyder,snyder.893,257,6243,"Snyder, Anastasia Rebecca"
Grant Donnelly,donnelly,donnelly.177,266,24835,"Donnelly, Grant E"
Jeffrey Jacquet,jacquet,jacquet.8,269,22032,"Jacquet, Jeffrey B"
Jennifer Eaglin,eaglin,eaglin.5,270,22348,"Eaglin, Jennifer N"
Linda Lobao,lobao,lobao.1,272,35256,"Lobao, Linda Mary"
Matthew Hamilton,hamilton,hamilton.1323,274,26230,"Hamilton, Matthew L"
Michael Mercil,mercil,mercil.1,276,37902,"Mercil, Michael John"
Nicole Sintov,sintov,sintov.2,277,22762,"Sintov, Nicole D"
Tunc Aldemir,aldemir,aldemir.1,279,34757,"Aldemir, Tunc"
Wendy Hesford,hesford,hesford.1,280,1142,"Hesford, Wendy"
Atar Herzinger,herziger,herziger.1,282,32936,"Herziger, Atar"
Curtis Haugtvedt,haugtvedt,haugtvedt.1,283,35889,"Haugtvedt, Curtis Palmer"
Gregory Hitzhusen,hitzhusen,hitzhusen.3,284,6599,"Hitzhusen, Gregory Ernest"
Jesus Lara,lara,lara.13,285,6503,"Lara, Jesus J"
Michael Dekay,dekay,dekay.3,286,6543,"Dekay, Michael L"
Tristram McPherson,mcpherson,mcpherson.164,288,31698,"McPherson, Tristram Colin"
Lee Potter,potter,potter.36,13,36606,"Potter, Lee Carson"
Noah Dormady,dormady,dormady.1,16,16182,"Dormady, Noah Christopher"
Tim Haab,haab,haab.1,20,446,"Haab, Timothy C."
Paul Dubetz,dubetz,dubetz.2,22,34159,"Dubetz, Paul Thomas"
Myra Moss,moss,moss.63,24,36077,"Moss, Myra Louise"
Ann Cook,cook,cook.1129,27,15365,"Cook, Ann Elizabeth"
Joachim Moortgat,moortgat,moortgat.1,43,18062,"Moortgat, Joachim Benedictus"
John Newton Reeve,reeve,reeve.2,44,5389,"Reeve, Dan John"
John Olesik,olesik,olesik.2,45,36895,"Olesik, John William"
Jon Parquette,parquette,parquette.1,46,38485,"Parquette, Jonathan Robert"
Julie Sheets,sheets,sheets.2,49,35094,"Sheets, Julia Meyer"
Mei Zhaung,zhuang,zhuang.15,53,11232,"Zhuang, Mei"
Hanna Cho,cho,cho.867,94,31767,"Cho, Han Na"
Igor Adamovich,adamovich,adamovich.1,97,36770,"Adamovich, Igor Vladimirovic"
Jeanie (Chun Ning) Lau,lau,lau.232,100,22653,"Lau, ChunNing"
Kevin Passino,passino,passino.1,111,36445,"Passino, Kevin Michael"
Paul R. Berger,berger,berger.143,120,390,"Berger, Paul Raymond"
Chris Hammel,hammel,hammel.7,155,1660,"Hammel, Peter Christopher"
ChunNing  (Jeanie) Lau,lau,lau.232,158,22653,"Lau, ChunNing"
Clarissa Belloni,belloni,belloni.5,159,32738,"Belloni, Clarissa Sara Katharina"
Frederick Michel,michel,michel.36,165,39815,"Michel Jr, Frederick C"
Jonathan Pelz,pelz,pelz.2,171,36488,"Pelz, Jonathan Philipps"
Nick Brunelli,brunelli,brunelli.2,186,1258,"Brunelli, Nicholas A"
Paul Berger,berger,berger.143,189,390,"Berger, Paul Raymond"
Renee Zhao,zhao,zhao.2885,193,26449,"Zhao, Yue"
Victor Ujor,ujor,ujor.1,204,14850,"Ujor, Victor Chinomso"
Gabriel Karns,karns,karns.36,220,17703,"Karns, Gabriel Ryan"
Huyen Le,le,le.253,222,17511,"Le, Huyen Thi Khanh"
Dennis Hall,hall,hall.16,254,34756,"Hall, Dennis William"
Anna Willow,willow,willow.1,258,12318,"Willow, Anna J."
Chris Penrose,penrose,penrose.1,260,35413,"Penrose, Christopher Dean"
Chris Zoller,zoller,zoller.1,261,36075,"Zoller, Christopher Thomas"
Clif Little,little,little.16,263,36301,"Little, Robert Clifton"
Dee Jepsen,jepsen,jepsen.4,264,34986,"Jepsen, Shelly Dee"
Jake Boswell,boswell,boswell.33,268,2696,"Boswell, Jacob Ross"
Michael Bisesi,bisesi,bisesi.12,275,12171,"Bisesi, Michael Salvatore"
Joe Lucente,lucente,lucente.6,281,785,"Lucente, Joseph E"
David Cole,cole,cole.618,34,13796,"Cole, David Robert"
Victoria (Qian) Chen,chen,chen.1399,143,6509,"Chen, Qian"
Lei Cao,cao,cao.76,176,12640,"Cao, Lei Raymond"
Steve Ringel,ringel,ringel.5,200,36773,"Ringel, Steven Adam"
Jay Martin,martin,martin.1130,224,341,"Martin, Jay Franklin"
Susan Welch,welch,welch.318,242,7135,"Welch, Susan A"
Tony Parker,parker,parker.1203,245,32045,"Parker, Anthony Joseph"
Greg Davis,davis,davis.1081,267,38238,"Davis, Gregory Alan"
Robyn Wilson,wilson,wilson.1376,278,1772,"Wilson, Robyn Suzanne"
Linnette Goard,goard,goard.1,14,NA,NA
Neil Drobny,drobny,drobny.3,15,NA,NA
Ramiro Berardo,berardo,berardo.3,17,NA,NA
Christopher Weait,weait,weait.1,32,NA,NA
David Elliot,elliot,elliot.1,35,NA,NA
Ralph von Frese,vonfrese,von-frese.3,56,NA,NA
Richard Carl Pratt,pratt,pratt.3,57,NA,NA
Russell Pitzer,pitzer,pitzer.3,58,NA,NA
Tom Darrah,darrah,darrah.24,60,18237,"Darrah, Thomas Henry"
Wesley Green,greene,greene.2,63,NA,NA
Antonio J. Conejo,conejonavarro,conejonavarro.1,74,19318,"Conejo, Antonio Jesus"
Jiankang Wang,wang,wang.6536,103,NA,NA
Joerg Jeschonnek,jinschek,jinschek.1,106,NA,NA
Junmin Wang,wang,wang.1381,109,NA,NA
M.J. Benzakein,benzakein,benzakein.2,114,3520,"Benzakein, Meyer Jacques"
Prasun Sinha,sinha,sinha.43,122,NA,NA
Ryan Harne,harne,harne.3,128,NA,NA
Sam Davanloo,davanloo,davanloo.1,129,11991,"Davanloo Tajbakhsh, Sam"
Seppo Antero Korpela,korpela,korpela.1,133,NA,NA
Terrence Conlisk,conlisk,conlisk.1,139,NA,NA
Vicky Doan-Nguyen,doannguyen,doan-nguyen.1,142,23852,"Trigg, Vicky Doan-Nguyen"
Xiaodong Sun,sun,sun.200,144,NA,NA
Alan Luo,luo,luo.445,150,17950,"Luo, Aihua"
Christine Thomas,thomas,thomas.3877,156,24099,"Wade, Christine M.T"
Hendrik Verweij,verweij,verweij.1,169,NA,NA
Hojjat Adeli,adeli,adeli.1,170,NA,NA
Susan Fisher,fisher,fisher.14,201,NA,NA
Berry Lyons,lyons,lyons.142,210,40473,"Lyons, William Berry"
Bharat Bhushan,bhushan,bhushan.2,211,NA,NA
Chris Hadad,hadad,hadad.1,215,37783,"Hadad, Christopher Martin"
Jean-Michel Guldmann,guldmann,guldmann.1,225,NA,NA
Jeffrey Fisher,fisher,fisher.7,226,NA,NA
Kenneth Jezek,jezek,jezek.1,231,NA,NA
Nick Basta,basta,basta.4,236,2194,"Basta, Nicholas Thomas"
Prabir Dutta,dutta,dutta.1,237,NA,NA
Terry Wilson,wilson,wilson.43,244,NA,NA
Warren Dick,dick,dick.5,248,NA,NA
Becky Nesbitt,nesbitt,nesbitt.21,259,35545,"Nesbitt, Rebecca C."
Cindy Bond,bond,bond.227,262,36598,"Bond, Cynthia Kay"
Duane Wegener,wegener,wegener.1,265,36118,"Wegener, Duane Theodore"
Ken Martin,martin,martin.1540,271,4110,"Martin, Kenneth E"
Mark Landefeld,landefeld,landefeld.6,273,NA,NA
Mike Lloyd,lloyd,lloyd.4,287,NA,NA
